Città,Sessioni,% nuove sessioni,Nuovi utenti,Frequenza di rimbalzo,Pagine/sessione,Durata sessione media,Tasso di conversione all'obiettivo,Completamenti obiettivo,Valore obiettivo
Brescia,733.296,"22,70%",166.428,"40,64%","3,98",00:05:47,"0,00%",0,"0,00 €"
Milan,369.334,"23,99%",88.598,"48,27%","3,07",00:03:53,"0,00%",0,"0,00 €"
(not set),199.237,"27,64%",55.064,"42,64%","3,82",00:05:25,"0,00%",0,"0,00 €"
Rome,128.964,"28,09%",36.228,"52,31%","2,78",00:03:12,"0,00%",0,"0,00 €"
Bergamo,55.855,"29,30%",16.368,"45,93%","3,33",00:04:07,"0,00%",0,"0,00 €"
Turin,25.095,"33,24%",8.342,"48,52%","3,30",00:03:57,"0,00%",0,"0,00 €"
Mantua,22.576,"22,65%",5.114,"42,44%","3,73",00:05:00,"0,00%",0,"0,00 €"
Cremona,15.960,"25,37%",4.049,"41,99%","3,88",00:05:36,"0,00%",0,"0,00 €"
Desenzano del Garda,15.362,"27,67%",4.250,"41,42%","3,89",00:05:54,"0,00%",0,"0,00 €"
Como,12.398,"28,07%",3.480,"46,86%","3,20",00:03:47,"0,00%",0,"0,00 €"
Verona,11.643,"36,20%",4.215,"48,91%","4,86",00:12:18,"0,00%",0,"0,00 €"
Florence,10.572,"38,67%",4.088,"57,23%","2,63",00:02:44,"0,00%",0,"0,00 €"
Bologna,10.005,"44,99%",4.501,"57,08%","2,84",00:04:02,"0,00%",0,"0,00 €"
Rovato,9.136,"28,08%",2.565,"38,94%","4,55",00:07:39,"0,00%",0,"0,00 €"
Varese,8.749,"22,95%",2.008,"44,21%","3,47",00:04:44,"0,00%",0,"0,00 €"
Lumezzane,8.496,"26,05%",2.213,"36,24%","4,38",00:07:03,"0,00%",0,"0,00 €"
Padua,6.988,"36,53%",2.553,"56,53%","2,59",00:03:06,"0,00%",0,"0,00 €"
Montichiari,6.975,"37,13%",2.590,"44,77%","3,41",00:04:36,"0,00%",0,"0,00 €"
Vicenza,6.905,"57,25%",3.953,"64,04%","2,65",00:03:41,"0,00%",0,"0,00 €"
Treviglio,6.856,"19,31%",1.324,"37,98%","4,76",00:09:02,"0,00%",0,"0,00 €"
Darfo Boario Terme,6.809,"30,72%",2.092,"39,07%","4,52",00:08:30,"0,00%",0,"0,00 €"
Chiari,6.768,"38,49%",2.605,"36,92%","4,74",00:06:11,"0,00%",0,"0,00 €"
Manerbio,6.694,"25,32%",1.695,"42,01%","3,91",00:05:40,"0,00%",0,"0,00 €"
Pavia,6.487,"28,92%",1.876,"42,38%","3,78",00:04:49,"0,00%",0,"0,00 €"
Salerno,6.434,"24,28%",1.562,"44,89%","3,82",00:06:12,"0,00%",0,"0,00 €"
Palermo,6.312,"47,94%",3.026,"62,90%","2,18",00:02:18,"0,00%",0,"0,00 €"
Trento,5.703,"38,87%",2.217,"49,80%","3,21",00:04:07,"0,00%",0,"0,00 €"
Monza,5.640,"39,17%",2.209,"47,22%","3,23",00:03:55,"0,00%",0,"0,00 €"
Naples,5.449,"67,55%",3.681,"68,67%","1,93",00:01:25,"0,00%",0,"0,00 €"
Sarezzo,5.283,"23,30%",1.231,"40,51%","3,86",00:05:10,"0,00%",0,"0,00 €"
Ghedi,4.752,"25,80%",1.226,"38,05%","4,30",00:06:38,"0,00%",0,"0,00 €"
Orzinuovi,4.512,"18,82%",849,"40,71%","3,87",00:05:10,"0,00%",0,"0,00 €"
Lecco,4.495,"28,83%",1.296,"43,20%","3,64",00:05:20,"0,00%",0,"0,00 €"
Treviso,4.483,"52,67%",2.361,"61,05%","2,87",00:04:33,"0,00%",0,"0,00 €"
Palazzolo sull'Oglio,4.408,"28,83%",1.271,"39,45%","3,78",00:04:49,"0,00%",0,"0,00 €"
Rezzato,4.301,"26,83%",1.154,"39,67%","3,98",00:05:50,"0,00%",0,"0,00 €"
Salo,4.283,"30,10%",1.289,"37,96%","4,04",00:05:19,"0,00%",0,"0,00 €"
Bari,4.223,"52,21%",2.205,"61,35%","2,29",00:02:53,"0,00%",0,"0,00 €"
Castiglione delle Stiviere,3.938,"28,95%",1.140,"42,41%","3,89",00:05:55,"0,00%",0,"0,00 €"
Venice,3.812,"45,96%",1.752,"60,15%","2,36",00:02:44,"0,00%",0,"0,00 €"
Parma,3.747,"46,49%",1.742,"56,45%","2,59",00:02:40,"0,00%",0,"0,00 €"
Castenedolo,3.721,"27,57%",1.026,"37,97%","4,14",00:06:46,"0,00%",0,"0,00 €"
Calcinato,3.645,"23,32%",850,"41,40%","4,50",00:08:54,"0,00%",0,"0,00 €"
Genoa,3.529,"61,69%",2.177,"60,98%","2,35",00:02:02,"0,00%",0,"0,00 €"
Crema,3.490,"28,54%",996,"41,66%","4,05",00:06:48,"0,00%",0,"0,00 €"
Udine,3.433,"57,59%",1.977,"58,03%","2,74",00:02:54,"0,00%",0,"0,00 €"
Catania,3.303,"63,79%",2.107,"66,67%","2,38",00:02:05,"0,00%",0,"0,00 €"
Modena,3.191,"54,72%",1.746,"62,43%","2,75",00:03:13,"0,00%",0,"0,00 €"
San Donato Milanese,3.076,"23,86%",734,"36,67%","4,42",00:07:33,"0,00%",0,"0,00 €"
Gardone Val Trompia,3.042,"28,34%",862,"34,39%","4,18",00:05:22,"0,00%",0,"0,00 €"
Concesio,3.021,"25,39%",767,"39,13%","4,90",00:07:57,"0,00%",0,"0,00 €"
Iseo,2.985,"29,21%",872,"37,45%","4,19",00:05:20,"0,00%",0,"0,00 €"
Avellino,2.791,"27,27%",761,"48,26%","3,35",00:04:52,"0,00%",0,"0,00 €"
Passirano,2.772,"26,98%",748,"35,17%","4,13",00:05:51,"0,00%",0,"0,00 €"
Roncadelle,2.670,"36,89%",985,"33,97%","5,60",00:13:03,"0,00%",0,"0,00 €"
Sondrio,2.516,"21,74%",547,"41,89%","3,94",00:06:12,"0,00%",0,"0,00 €"
Sirmione,2.492,"23,11%",576,"36,60%","3,85",00:06:17,"0,00%",0,"0,00 €"
Lucca,2.247,"60,04%",1.349,"65,87%","2,10",00:01:38,"0,00%",0,"0,00 €"
Sovere,2.247,"23,05%",518,"40,77%","3,75",00:05:00,"0,00%",0,"0,00 €"
Lecce,2.165,"57,97%",1.255,"63,56%","2,27",00:02:07,"0,00%",0,"0,00 €"
Casalmaggiore,2.117,"17,76%",376,"40,10%","3,87",00:05:06,"0,00%",0,"0,00 €"
Busto Arsizio,2.114,"40,02%",846,"50,52%","2,98",00:03:03,"0,00%",0,"0,00 €"
Leno,1.955,"28,39%",555,"42,56%","5,19",00:04:51,"0,00%",0,"0,00 €"
Rimini,1.923,"47,48%",913,"59,23%","2,78",00:03:51,"0,00%",0,"0,00 €"
Borgonuovo,1.884,"40,07%",755,"61,20%","2,23",00:02:14,"0,00%",0,"0,00 €"
Prato,1.873,"50,67%",949,"57,13%","2,42",00:02:17,"0,00%",0,"0,00 €"
Novara,1.822,"46,16%",841,"55,76%","2,63",00:02:37,"0,00%",0,"0,00 €"
Nuvolento,1.815,"25,62%",465,"38,84%","4,19",00:06:03,"0,00%",0,"0,00 €"
Dalmine,1.724,"27,61%",476,"42,29%","3,46",00:03:16,"0,00%",0,"0,00 €"
Legnano,1.562,"28,04%",438,"45,65%","3,09",00:03:38,"0,00%",0,"0,00 €"
Adro,1.485,"22,29%",331,"36,36%","3,98",00:05:28,"0,00%",0,"0,00 €"
Lodi,1.479,"31,51%",466,"47,26%","3,39",00:03:27,"0,00%",0,"0,00 €"
Bolzano,1.458,"47,12%",687,"44,24%","3,61",00:03:56,"0,00%",0,"0,00 €"
Villongo,1.438,"40,96%",589,"42,35%","3,62",00:04:49,"0,00%",0,"0,00 €"
Voghera,1.429,"26,80%",383,"42,69%","3,71",00:04:32,"0,00%",0,"0,00 €"
Reggio Emilia,1.423,"45,40%",646,"52,71%","2,97",00:03:04,"0,00%",0,"0,00 €"
Asola,1.402,"22,75%",319,"46,36%","3,33",00:04:14,"0,00%",0,"0,00 €"
Siena,1.400,"37,07%",519,"44,07%","3,06",00:03:17,"0,00%",0,"0,00 €"
Cosenza,1.388,"70,17%",974,"67,07%","1,94",00:01:39,"0,00%",0,"0,00 €"
Gallarate,1.388,"27,81%",386,"47,12%","3,15",00:04:04,"0,00%",0,"0,00 €"
Sassari,1.375,"61,82%",850,"61,16%","2,25",00:01:54,"0,00%",0,"0,00 €"
Castel Goffredo,1.364,"22,43%",306,"41,20%","3,91",00:04:08,"0,00%",0,"0,00 €"
Villa Carcina,1.349,"29,06%",392,"36,32%","5,21",00:11:23,"0,00%",0,"0,00 €"
Cagliari,1.342,"62,44%",838,"58,87%","2,61",00:02:52,"0,00%",0,"0,00 €"
Sesto San Giovanni,1.326,"27,60%",366,"41,10%","3,62",00:04:35,"0,00%",0,"0,00 €"
Pisa,1.302,"64,52%",840,"66,05%","2,32",00:02:54,"0,00%",0,"0,00 €"
Vigevano,1.289,"23,27%",300,"44,61%","3,53",00:05:10,"0,00%",0,"0,00 €"
Saronno,1.285,"30,43%",391,"43,50%","3,90",00:05:26,"0,00%",0,"0,00 €"
Livigno,1.278,"35,60%",455,"44,29%","4,04",00:05:43,"0,00%",0,"0,00 €"
Storo,1.220,"23,69%",289,"46,39%","2,94",00:02:24,"0,00%",0,"0,00 €"
Cantu,1.164,"25,77%",300,"43,38%","3,39",00:03:46,"0,00%",0,"0,00 €"
Bagolino,1.155,"30,74%",355,"50,30%","3,16",00:02:42,"0,00%",0,"0,00 €"
Breno,1.104,"34,24%",378,"34,87%","3,60",00:04:39,"0,00%",0,"0,00 €"
Chieti,1.104,"74,09%",818,"75,45%","1,72",00:01:25,"0,00%",0,"0,00 €"
Seriate,1.092,"28,21%",308,"42,67%","3,32",00:04:18,"0,00%",0,"0,00 €"
Pistoia,1.068,"46,63%",498,"57,02%","2,63",00:02:56,"0,00%",0,"0,00 €"
Pescara,1.044,"69,83%",729,"70,59%","1,91",00:02:19,"0,00%",0,"0,00 €"
Foggia,1.027,"44,40%",456,"53,26%","2,55",00:02:22,"0,00%",0,"0,00 €"
Vestone,1.023,"24,63%",252,"33,43%","5,73",00:07:01,"0,00%",0,"0,00 €"
Limone Sul Garda,1.006,"16,90%",170,"37,57%","4,53",00:07:21,"0,00%",0,"0,00 €"
Viadana,960,"25,73%",247,"40,83%","3,77",00:04:58,"0,00%",0,"0,00 €"
Piacenza,952,"35,71%",340,"51,16%","3,01",00:03:42,"0,00%",0,"0,00 €"
Sarnico,946,"36,26%",343,"41,54%","3,42",00:04:27,"0,00%",0,"0,00 €"
Suzzara,931,"24,49%",228,"45,01%","3,78",00:04:18,"0,00%",0,"0,00 €"
Castel San Giovanni,877,"21,66%",190,"38,20%","3,26",00:02:46,"0,00%",0,"0,00 €"
Mariano Comense,848,"20,52%",174,"43,87%","3,47",00:04:30,"0,00%",0,"0,00 €"
Rho,820,"32,93%",270,"50,49%","2,86",00:02:52,"0,00%",0,"0,00 €"
Cesena,772,"50,39%",389,"59,84%","2,28",00:01:41,"0,00%",0,"0,00 €"
Cinisello Balsamo,753,"35,33%",266,"45,15%","3,15",00:03:00,"0,00%",0,"0,00 €"
Pordenone,745,"35,44%",264,"49,80%","3,28",00:04:42,"0,00%",0,"0,00 €"
Peschiera del Garda,742,"28,71%",213,"37,74%","3,96",00:03:57,"0,00%",0,"0,00 €"
Terni,739,"57,51%",425,"57,51%","5,51",00:16:30,"0,00%",0,"0,00 €"
Desio,729,"36,08%",263,"52,40%","2,61",00:02:45,"0,00%",0,"0,00 €"
Pesaro,728,"59,20%",431,"67,99%","2,02",00:02:10,"0,00%",0,"0,00 €"
Vailate,728,"30,77%",224,"42,86%","3,33",00:02:57,"0,00%",0,"0,00 €"
Bassano del Grappa,714,"49,86%",356,"56,58%","3,09",00:03:07,"0,00%",0,"0,00 €"
Cassano d'Adda,713,"39,55%",282,"52,59%","2,99",00:03:05,"0,00%",0,"0,00 €"
Alessandria,691,"55,14%",381,"52,24%","2,97",00:03:00,"0,00%",0,"0,00 €"
Cernusco sul Naviglio,685,"27,59%",189,"45,11%","3,41",00:06:14,"0,00%",0,"0,00 €"
Forli,679,"39,03%",265,"58,47%","2,45",00:01:41,"0,00%",0,"0,00 €"
Carpi,675,"50,67%",342,"61,78%","2,51",00:02:31,"0,00%",0,"0,00 €"
Fano,674,"77,30%",521,"75,82%","1,76",00:00:49,"0,00%",0,"0,00 €"
Jesi,664,"80,12%",532,"76,51%","1,68",00:01:05,"0,00%",0,"0,00 €"
Corbetta,655,"25,19%",165,"44,27%","2,69",00:02:04,"0,00%",0,"0,00 €"
Tradate,649,"28,51%",185,"50,39%","3,80",00:04:36,"0,00%",0,"0,00 €"
Ferrara,646,"49,07%",317,"54,95%","3,43",00:04:45,"0,00%",0,"0,00 €"
Cologno Monzese,640,"31,09%",199,"41,56%","3,24",00:04:29,"0,00%",0,"0,00 €"
Ravenna,633,"54,19%",343,"61,45%","2,63",00:02:55,"0,00%",0,"0,00 €"
Castelli Calepio,623,"39,97%",249,"33,07%","4,21",00:04:28,"0,00%",0,"0,00 €"
Campodarsego,612,"29,90%",183,"62,58%","1,86",00:01:20,"0,00%",0,"0,00 €"
Trescore Balneario,607,"54,04%",328,"58,15%","3,01",00:02:32,"0,00%",0,"0,00 €"
Savona,598,"67,89%",406,"64,21%","2,12",00:02:05,"0,00%",0,"0,00 €"
Biella,590,"50,00%",295,"52,37%","2,74",00:03:17,"0,00%",0,"0,00 €"
Seregno,586,"41,98%",246,"52,05%","3,22",00:03:04,"0,00%",0,"0,00 €"
Caserta,584,"71,58%",418,"69,18%","1,88",00:01:53,"0,00%",0,"0,00 €"
Asti,563,"50,80%",286,"54,71%","2,83",00:03:01,"0,00%",0,"0,00 €"
Erba,559,"34,88%",195,"40,07%","4,42",00:08:29,"0,00%",0,"0,00 €"
Romano di Lombardia,543,"27,81%",151,"45,67%","3,55",00:03:38,"0,00%",0,"0,00 €"
Rovigo,541,"41,96%",227,"59,89%","2,35",00:01:41,"0,00%",0,"0,00 €"
Messina,539,"69,57%",375,"72,91%","1,85",00:01:08,"0,00%",0,"0,00 €"
Curno,538,"61,52%",331,"37,55%","3,70",00:04:33,"0,00%",0,"0,00 €"
Lissone,535,"40,75%",218,"46,73%","3,00",00:03:44,"0,00%",0,"0,00 €"
Faenza,502,"37,45%",188,"58,57%","2,60",00:03:29,"0,00%",0,"0,00 €"
Stezzano,494,"22,87%",113,"40,08%","3,31",00:04:40,"0,00%",0,"0,00 €"
Riccione,488,"32,58%",159,"51,84%","3,03",00:02:53,"0,00%",0,"0,00 €"
Castelfranco Veneto,480,"45,00%",216,"54,37%","2,77",00:02:58,"0,00%",0,"0,00 €"
Cuneo,475,"38,32%",182,"50,95%","2,93",00:03:50,"0,00%",0,"0,00 €"
Livorno,463,"56,59%",262,"62,42%","2,13",00:01:35,"0,00%",0,"0,00 €"
Senigallia,454,"61,01%",277,"63,88%","2,31",00:02:48,"0,00%",0,"0,00 €"
Albino,452,"25,44%",115,"45,58%","3,92",00:05:40,"0,00%",0,"0,00 €"
Luino,452,"31,19%",141,"41,81%","3,81",00:05:47,"0,00%",0,"0,00 €"
Trieste,450,"56,67%",255,"61,11%","2,35",00:02:00,"0,00%",0,"0,00 €"
Civitanova Marche,441,"50,34%",222,"63,27%","2,20",00:02:28,"0,00%",0,"0,00 €"
Empoli,437,"30,66%",134,"41,65%","3,59",00:03:19,"0,00%",0,"0,00 €"
Bollate,435,"29,66%",129,"47,59%","3,02",00:03:08,"0,00%",0,"0,00 €"
Ancona,434,"72,35%",314,"76,04%","1,78",00:01:19,"0,00%",0,"0,00 €"
Assago,427,"29,27%",125,"38,64%","3,26",00:02:51,"0,00%",0,"0,00 €"
Rende,423,"31,91%",135,"45,15%","3,02",00:05:47,"0,00%",0,"0,00 €"
L'Aquila,420,"74,29%",312,"75,95%","1,93",00:00:56,"0,00%",0,"0,00 €"
Arezzo,414,"43,00%",178,"62,32%","2,11",00:02:24,"0,00%",0,"0,00 €"
Abano Terme,410,"41,71%",171,"63,90%","2,44",00:02:26,"0,00%",0,"0,00 €"
Rovereto,398,"28,89%",115,"46,48%","2,75",00:02:11,"0,00%",0,"0,00 €"
Casale Monferrato,395,"25,57%",101,"49,62%","2,81",00:03:44,"0,00%",0,"0,00 €"
Grassobbio,389,"39,85%",155,"42,16%","4,37",00:05:41,"0,00%",0,"0,00 €"
Oristano,386,"45,08%",174,"62,69%","2,19",00:02:05,"0,00%",0,"0,00 €"
Merano,381,"36,75%",140,"39,63%","3,54",00:02:53,"0,00%",0,"0,00 €"
Quartu Sant'Elena,380,"60,26%",229,"65,79%","2,18",00:02:17,"0,00%",0,"0,00 €"
Benevento,379,"66,75%",253,"64,38%","2,13",00:02:05,"0,00%",0,"0,00 €"
Caravaggio,377,"21,49%",81,"48,54%","2,80",00:02:16,"0,00%",0,"0,00 €"
Paderno Dugnano,375,"31,73%",119,"43,20%","2,94",00:02:44,"0,00%",0,"0,00 €"
Trezzo sull'Adda,375,"24,27%",91,"41,33%","3,85",00:05:59,"0,00%",0,"0,00 €"
Cassano Magnago,375,"39,73%",149,"52,00%","2,75",00:03:10,"0,00%",0,"0,00 €"
Pioltello,374,"24,06%",90,"40,91%","5,26",00:10:07,"0,00%",0,"0,00 €"
Borgomanero,371,"45,01%",167,"50,13%","2,97",00:04:09,"0,00%",0,"0,00 €"
Perugia,368,"60,05%",221,"57,88%","4,53",00:05:59,"0,00%",0,"0,00 €"
Merate,366,"49,18%",180,"40,44%","3,34",00:04:30,"0,00%",0,"0,00 €"
Villafranca di Verona,364,"25,00%",91,"47,25%","3,16",00:03:05,"0,00%",0,"0,00 €"
Cellatica,362,"35,36%",128,"33,70%","4,13",00:04:41,"0,00%",0,"0,00 €"
Imola,360,"55,56%",200,"44,44%","3,58",00:03:38,"0,00%",0,"0,00 €"
Macerata,358,"68,99%",247,"72,63%","1,88",00:01:25,"0,00%",0,"0,00 €"
Brembate di Sopra,356,"45,22%",161,"43,54%","4,91",00:08:01,"0,00%",0,"0,00 €"
Grumello del Monte,356,"26,69%",95,"51,97%","3,55",00:03:13,"0,00%",0,"0,00 €"
Calolziocorte,353,"41,08%",145,"38,24%","3,52",00:03:45,"0,00%",0,"0,00 €"
Ostiglia,352,"18,47%",65,"40,06%","4,13",00:05:35,"0,00%",0,"0,00 €"
Verbania,346,"23,12%",80,"50,29%","3,21",00:04:45,"0,00%",0,"0,00 €"
Catanzaro,342,"65,50%",224,"71,93%","1,86",00:01:35,"0,00%",0,"0,00 €"
Rivoli,342,"38,30%",131,"48,25%","3,14",00:02:50,"0,00%",0,"0,00 €"
Alzano Lombardo,335,"50,15%",168,"44,18%","2,83",00:03:23,"0,00%",0,"0,00 €"
Portogruaro,335,"18,21%",61,"45,67%","3,39",00:02:48,"0,00%",0,"0,00 €"
Olbia,329,"24,92%",82,"49,24%","3,16",00:06:27,"0,00%",0,"0,00 €"
Codogno,326,"30,67%",100,"39,26%","3,97",00:02:53,"0,00%",0,"0,00 €"
Vimercate,324,"34,88%",113,"38,89%","4,28",00:05:36,"0,00%",0,"0,00 €"
Schio,324,"45,06%",146,"52,16%","4,24",00:09:55,"0,00%",0,"0,00 €"
Segrate,322,"36,96%",119,"50,62%","2,60",00:02:13,"0,00%",0,"0,00 €"
Malnate,316,"27,53%",87,"46,20%","3,12",00:03:32,"0,00%",0,"0,00 €"
Sanremo,306,"27,12%",83,"52,61%","2,72",00:03:01,"0,00%",0,"0,00 €"
Acerra,302,"72,52%",219,"72,19%","2,19",00:03:33,"0,00%",0,"0,00 €"
Colonnella,300,"22,67%",68,"56,33%","2,46",00:02:36,"0,00%",0,"0,00 €"
Ascoli Piceno,299,"64,88%",194,"67,22%","2,05",00:01:24,"0,00%",0,"0,00 €"
Taranto,297,"57,24%",170,"61,62%","2,36",00:02:26,"0,00%",0,"0,00 €"
Castellanza,297,"38,72%",115,"48,82%","3,18",00:03:21,"0,00%",0,"0,00 €"
Parabiago,296,"8,78%",26,"49,32%","2,89",00:02:43,"0,00%",0,"0,00 €"
Latina,293,"44,03%",129,"57,34%","2,75",00:02:02,"0,00%",0,"0,00 €"
Fidenza,291,"36,43%",106,"52,92%","3,02",00:03:36,"0,00%",0,"0,00 €"
Sacile,290,"60,69%",176,"28,97%","3,07",00:02:48,"0,00%",0,"0,00 €"
Treviolo,288,"23,26%",67,"39,24%","4,95",00:10:27,"0,00%",0,"0,00 €"
Ragusa,285,"41,75%",119,"46,67%","5,07",00:10:53,"0,00%",0,"0,00 €"
Collegno,282,"28,01%",79,"56,38%","2,25",00:01:53,"0,00%",0,"0,00 €"
Spirano,281,"50,53%",142,"43,42%","3,47",00:02:51,"0,00%",0,"0,00 €"
Cesano Maderno,274,"35,04%",96,"45,62%","2,98",00:03:33,"0,00%",0,"0,00 €"
Syracuse,273,"53,11%",145,"61,17%","2,66",00:02:50,"0,00%",0,"0,00 €"
San Martino Buon Albergo,273,"29,67%",81,"47,62%","3,26",00:03:47,"0,00%",0,"0,00 €"
Campobasso,272,"58,82%",160,"61,40%","2,68",00:02:01,"0,00%",0,"0,00 €"
Piombino,271,"14,39%",39,"40,96%","3,25",00:03:13,"0,00%",0,"0,00 €"
Montesilvano,265,"60,75%",161,"70,94%","1,76",00:01:03,"0,00%",0,"0,00 €"
Cattolica,265,"33,58%",89,"46,42%","3,73",00:05:35,"0,00%",0,"0,00 €"
Foligno,264,"53,03%",140,"63,26%","2,28",00:02:07,"0,00%",0,"0,00 €"
Agrate Brianza,263,"33,46%",88,"50,57%","2,78",00:03:22,"0,00%",0,"0,00 €"
Teramo,262,"75,57%",198,"77,10%","1,65",00:01:02,"0,00%",0,"0,00 €"
Malcesine,260,"15,38%",40,"45,38%","4,21",00:04:10,"0,00%",0,"0,00 €"
Osio Sotto,258,"24,42%",63,"44,96%","3,00",00:03:31,"0,00%",0,"0,00 €"
Viterbo,258,"51,55%",133,"63,57%","2,07",00:01:20,"0,00%",0,"0,00 €"
Castellucchio,256,"36,33%",93,"42,97%","3,23",00:03:40,"0,00%",0,"0,00 €"
Carate Brianza,252,"17,46%",44,"47,62%","4,01",00:03:57,"0,00%",0,"0,00 €"
Lido di Jesolo,248,"26,61%",66,"51,61%","2,57",00:02:32,"0,00%",0,"0,00 €"
Alba,247,"55,06%",136,"56,68%","2,36",00:01:59,"0,00%",0,"0,00 €"
Grosseto,246,"39,02%",96,"52,03%","2,54",00:02:54,"0,00%",0,"0,00 €"
Chioggia,246,"26,83%",66,"47,97%","3,29",00:04:12,"0,00%",0,"0,00 €"
Vercelli,241,"37,76%",91,"48,13%","3,12",00:04:31,"0,00%",0,"0,00 €"
Cervia,240,"35,42%",85,"51,25%","3,09",00:02:58,"0,00%",0,"0,00 €"
Moncalieri,240,"43,33%",104,"51,67%","3,08",00:04:04,"0,00%",0,"0,00 €"
San Giuliano Milanese,239,"39,75%",95,"38,08%","3,89",00:04:59,"0,00%",0,"0,00 €"
Cesenatico,236,"29,24%",69,"46,19%","2,78",00:02:45,"0,00%",0,"0,00 €"
Riva del Garda,236,"36,02%",85,"39,83%","4,80",00:06:39,"0,00%",0,"0,00 €"
Somma Lombardo,236,"23,73%",56,"50,00%","3,03",00:02:36,"0,00%",0,"0,00 €"
Torre Boldone,235,"37,02%",87,"30,21%","5,13",00:03:19,"0,00%",0,"0,00 €"
Conegliano,234,"43,16%",101,"51,71%","2,72",00:02:46,"0,00%",0,"0,00 €"
San Benedetto del Tronto,231,"52,38%",121,"61,47%","2,44",00:01:48,"0,00%",0,"0,00 €"
Viareggio,231,"50,65%",117,"58,01%","2,53",00:01:29,"0,00%",0,"0,00 €"
Magenta,228,"29,39%",67,"47,81%","3,07",00:03:23,"0,00%",0,"0,00 €"
Meda,223,"10,76%",24,"46,19%","2,83",00:03:26,"0,00%",0,"0,00 €"
Bussolengo,223,"32,29%",72,"60,99%","3,58",00:03:26,"0,00%",0,"0,00 €"
Clusone,222,"27,03%",60,"47,30%","4,07",00:06:54,"0,00%",0,"0,00 €"
Casalecchio di Reno,220,"38,18%",84,"50,45%","2,57",00:02:00,"0,00%",0,"0,00 €"
Brindisi,220,"46,36%",102,"61,36%","2,25",00:05:31,"0,00%",0,"0,00 €"
Lainate,220,"32,27%",71,"50,91%","3,07",00:02:52,"0,00%",0,"0,00 €"
Acilia-Castel Fusano-Ostia Antica,220,"32,27%",71,"55,45%","2,50",00:02:26,"0,00%",0,"0,00 €"
Gorgonzola,219,"21,46%",47,"46,12%","3,60",00:03:32,"0,00%",0,"0,00 €"
Olgiate Olona,217,"18,89%",41,"31,34%","4,03",00:03:15,"0,00%",0,"0,00 €"
Rozzano,215,"40,93%",88,"40,93%","3,47",00:03:28,"0,00%",0,"0,00 €"
Rieti,215,"42,79%",92,"46,05%","2,63",00:03:35,"0,00%",0,"0,00 €"
Massa,214,"46,26%",99,"57,01%","2,30",00:01:54,"0,00%",0,"0,00 €"
Abbiategrasso,212,"20,28%",43,"58,49%","2,26",00:02:43,"0,00%",0,"0,00 €"
Fornovo di Taro,212,"69,34%",147,"69,34%","1,90",00:01:09,"0,00%",0,"0,00 €"
Dueville,212,"15,57%",33,"51,89%","2,72",00:01:45,"0,00%",0,"0,00 €"
La Spezia,210,"48,10%",101,"50,95%","2,48",00:02:37,"0,00%",0,"0,00 €"
Isola della Scala,209,"28,23%",59,"51,20%","2,71",00:02:54,"0,00%",0,"0,00 €"
Andria,205,"58,54%",120,"68,29%","1,96",00:01:11,"0,00%",0,"0,00 €"
Pontedera,205,"52,68%",108,"50,24%","3,24",00:03:05,"0,00%",0,"0,00 €"
San Dona di Piave,205,"35,12%",72,"49,76%","3,08",00:02:37,"0,00%",0,"0,00 €"
San Giovanni Lupatoto,205,"36,59%",75,"53,17%","3,40",00:04:12,"0,00%",0,"0,00 €"
Pero,204,"44,12%",90,"30,88%","3,70",00:03:18,"0,00%",0,"0,00 €"
Busnago,202,"19,31%",39,"36,14%","4,34",00:08:35,"0,00%",0,"0,00 €"
Pomezia,202,"29,70%",60,"46,53%","2,68",00:01:54,"0,00%",0,"0,00 €"
Mortara,201,"27,86%",56,"40,80%","3,04",00:02:32,"0,00%",0,"0,00 €"
Formigine,200,"47,50%",95,"59,50%","2,96",00:02:38,"0,00%",0,"0,00 €"
Nembro,199,"32,66%",65,"45,23%","3,48",00:02:50,"0,00%",0,"0,00 €"
Belluno,199,"54,27%",108,"48,74%","2,87",00:02:30,"0,00%",0,"0,00 €"
Arcore,199,"23,12%",46,"41,21%","3,94",00:08:02,"0,00%",0,"0,00 €"
Scandicci,198,"38,38%",76,"45,96%","3,74",00:02:33,"0,00%",0,"0,00 €"
Vittorio Veneto,198,"36,36%",72,"54,04%","2,62",00:02:31,"0,00%",0,"0,00 €"
Oggiono,194,"26,29%",51,"31,44%","6,35",00:14:42,"0,00%",0,"0,00 €"
Salsomaggiore Terme,193,"10,88%",21,"46,11%","2,44",00:04:44,"0,00%",0,"0,00 €"
Montebelluna,193,"52,85%",102,"58,03%","2,34",00:02:06,"0,00%",0,"0,00 €"
Gallipoli,186,"24,73%",46,"45,70%","3,54",00:07:26,"0,00%",0,"0,00 €"
Ispra,186,"28,49%",53,"44,62%","3,92",00:04:35,"0,00%",0,"0,00 €"
Lallio,180,"20,00%",36,"39,44%","3,53",00:04:23,"0,00%",0,"0,00 €"
Domodossola,180,"20,56%",37,"36,67%","8,20",00:21:44,"0,00%",0,"0,00 €"
Casalpusterlengo,178,"33,15%",59,"48,31%","2,96",00:03:40,"0,00%",0,"0,00 €"
Thiene,175,"35,43%",62,"51,43%","3,94",00:10:55,"0,00%",0,"0,00 €"
Giugliano in Campania,174,"71,84%",125,"63,22%","2,40",00:01:26,"0,00%",0,"0,00 €"
Novi Ligure,173,"45,09%",78,"43,35%","4,44",00:04:07,"0,00%",0,"0,00 €"
Ranica,172,"19,77%",34,"43,60%","7,17",00:19:14,"0,00%",0,"0,00 €"
Potenza,172,"62,79%",108,"70,35%","2,76",00:02:00,"0,00%",0,"0,00 €"
Corsico,169,"28,40%",48,"42,01%","3,37",00:04:28,"0,00%",0,"0,00 €"
Barletta,169,"65,68%",111,"74,56%","1,59",00:01:08,"0,00%",0,"0,00 €"
Gela,166,"34,34%",57,"50,00%","2,63",00:02:45,"0,00%",0,"0,00 €"
Romano Banco,166,"33,73%",56,"60,24%","2,40",00:02:56,"0,00%",0,"0,00 €"
Cascina,164,"50,00%",82,"55,49%","2,23",00:01:18,"0,00%",0,"0,00 €"
Este,163,"59,51%",97,"61,96%","2,16",00:02:39,"0,00%",0,"0,00 €"
Carvico,161,"14,29%",23,"24,84%","4,89",00:08:04,"0,00%",0,"0,00 €"
Trani,160,"41,25%",66,"61,88%","2,29",00:01:59,"0,00%",0,"0,00 €"
Legnago,160,"46,25%",74,"48,12%","3,03",00:03:03,"0,00%",0,"0,00 €"
Basiglio,157,"33,12%",52,"47,13%","2,99",00:03:00,"0,00%",0,"0,00 €"
Trapani,156,"57,05%",89,"57,05%","2,50",00:01:26,"0,00%",0,"0,00 €"
Lanciano,155,"48,39%",75,"51,61%","2,91",00:06:11,"0,00%",0,"0,00 €"
Taormina,154,"16,88%",26,"40,26%","3,23",00:03:07,"0,00%",0,"0,00 €"
Novate Milanese,154,"15,58%",24,"41,56%","3,19",00:06:31,"0,00%",0,"0,00 €"
Pomigliano d'Arco,154,"55,84%",86,"62,99%","2,56",00:03:05,"0,00%",0,"0,00 €"
Chivasso,154,"20,78%",32,"37,01%","4,42",00:04:15,"0,00%",0,"0,00 €"
Aosta,153,"47,06%",72,"54,90%","2,61",00:01:45,"0,00%",0,"0,00 €"
Calusco D'adda,153,"34,64%",53,"44,44%","4,05",00:08:17,"0,00%",0,"0,00 €"
Castelnuovo Rangone,153,"52,29%",80,"69,28%","1,97",00:02:03,"0,00%",0,"0,00 €"
San Bonifacio,153,"36,60%",56,"54,25%","2,88",00:03:13,"0,00%",0,"0,00 €"
Ivrea,152,"39,47%",60,"52,63%","2,54",00:02:49,"0,00%",0,"0,00 €"
Cornaredo,150,"36,00%",54,"35,33%","4,49",00:06:28,"0,00%",0,"0,00 €"
Garbagnate Milanese,150,"28,67%",43,"48,67%","2,95",00:02:47,"0,00%",0,"0,00 €"
Settimo Milanese,150,"61,33%",92,"58,67%","2,03",00:01:17,"0,00%",0,"0,00 €"
Casteggio,150,"26,00%",39,"32,67%","3,73",00:04:20,"0,00%",0,"0,00 €"
Settala,149,"20,13%",30,"52,35%","3,61",00:05:22,"0,00%",0,"0,00 €"
Quattromiglia,147,"26,53%",39,"50,34%","2,63",00:02:04,"0,00%",0,"0,00 €"
Sesto Fiorentino,146,"36,99%",54,"58,22%","2,55",00:02:04,"0,00%",0,"0,00 €"
Giussano,146,"22,60%",33,"39,73%","3,42",00:02:01,"0,00%",0,"0,00 €"
Corato,143,"33,57%",48,"51,75%","2,61",00:02:24,"0,00%",0,"0,00 €"
Fiorenzuola d'Arda,142,"17,61%",25,"35,21%","4,15",00:04:16,"0,00%",0,"0,00 €"
Finale Ligure,142,"32,39%",46,"39,44%","3,12",00:02:59,"0,00%",0,"0,00 €"
Alghero,141,"48,23%",68,"40,43%","4,60",00:03:54,"0,00%",0,"0,00 €"
Carrara,140,"28,57%",40,"54,29%","2,56",00:02:24,"0,00%",0,"0,00 €"
Trezzano Sul Naviglio,139,"26,62%",37,"51,08%","3,61",00:04:38,"0,00%",0,"0,00 €"
Capannori,138,"33,33%",46,"47,10%","3,24",00:03:47,"0,00%",0,"0,00 €"
Sassuolo,138,"52,17%",72,"55,07%","2,49",00:01:40,"0,00%",0,"0,00 €"
Aversa,137,"63,50%",87,"55,47%","2,53",00:03:07,"0,00%",0,"0,00 €"
Mozzate,136,"25,00%",34,"43,38%","3,19",00:03:06,"0,00%",0,"0,00 €"
Affi,135,"25,19%",34,"42,96%","4,17",00:03:23,"0,00%",0,"0,00 €"
Terracina,134,"39,55%",53,"41,79%","5,45",00:04:56,"0,00%",0,"0,00 €"
Cava de' Tirreni,133,"64,66%",86,"63,16%","2,53",00:02:13,"0,00%",0,"0,00 €"
Valmadrera,132,"76,52%",101,"79,55%","1,81",00:01:11,"0,00%",0,"0,00 €"
Nichelino,132,"37,12%",49,"51,52%","2,64",00:01:50,"0,00%",0,"0,00 €"
Chiavari,131,"36,64%",48,"54,20%","3,02",00:02:24,"0,00%",0,"0,00 €"
Bracciano,131,"23,66%",31,"41,98%","3,75",00:03:40,"0,00%",0,"0,00 €"
Carbonia,131,"51,91%",68,"65,65%","2,31",00:02:45,"0,00%",0,"0,00 €"
Marsala,130,"33,85%",44,"59,23%","2,18",00:01:54,"0,00%",0,"0,00 €"
Savigliano,129,"41,09%",53,"52,71%","2,33",00:08:30,"0,00%",0,"0,00 €"
Magnago,129,"44,96%",58,"46,51%","3,53",00:05:55,"0,00%",0,"0,00 €"
Carmagnola,128,"35,94%",46,"46,88%","2,94",00:04:16,"0,00%",0,"0,00 €"
Solbiate Arno,127,"7,09%",9,"40,16%","5,24",00:14:08,"0,00%",0,"0,00 €"
Ceggia,127,"21,26%",27,"76,38%","2,23",00:03:23,"0,00%",0,"0,00 €"
Samarate,127,"37,80%",48,"49,61%","6,35",00:05:32,"0,00%",0,"0,00 €"
San Lazzaro,127,"40,16%",51,"50,39%","2,82",00:02:54,"0,00%",0,"0,00 €"
Limbiate,126,"26,98%",34,"51,59%","2,82",00:01:45,"0,00%",0,"0,00 €"
Cerea,126,"34,13%",43,"51,59%","2,64",00:03:17,"0,00%",0,"0,00 €"
Cormano,125,"29,60%",37,"41,60%","3,25",00:04:24,"0,00%",0,"0,00 €"
Opera,125,"44,00%",55,"38,40%","3,01",00:02:28,"0,00%",0,"0,00 €"
Arona,125,"46,40%",58,"52,00%","3,05",00:02:46,"0,00%",0,"0,00 €"
Lancenigo-villorba,125,"31,20%",39,"44,00%","3,04",00:04:58,"0,00%",0,"0,00 €"
Imperia,124,"56,45%",70,"64,52%","2,85",00:02:08,"0,00%",0,"0,00 €"
Matera,124,"58,87%",73,"68,55%","2,15",00:01:36,"0,00%",0,"0,00 €"
Battipaglia,124,"60,48%",75,"71,77%","2,07",00:02:45,"0,00%",0,"0,00 €"
Chiavenna,124,"20,97%",26,"45,16%","5,77",00:10:34,"0,00%",0,"0,00 €"
Bolgare,123,"40,65%",50,"29,27%","4,71",00:09:48,"0,00%",0,"0,00 €"
Zogno,123,"40,65%",50,"50,41%","2,71",00:04:00,"0,00%",0,"0,00 €"
Cusano Milanino,123,"21,14%",26,"36,59%","3,78",00:10:52,"0,00%",0,"0,00 €"
Volpiano,122,"37,70%",46,"51,64%","3,46",00:02:37,"0,00%",0,"0,00 €"
Albignasego,121,"51,24%",62,"51,24%","2,95",00:06:41,"0,00%",0,"0,00 €"
Inverigo,120,"21,67%",26,"41,67%","3,31",00:03:48,"0,00%",0,"0,00 €"
Gessate,120,"29,17%",35,"50,00%","3,89",00:07:18,"0,00%",0,"0,00 €"
Omegna,120,"27,50%",33,"48,33%","4,28",00:10:17,"0,00%",0,"0,00 €"
Avezzano,119,"52,94%",63,"66,39%","2,07",00:01:19,"0,00%",0,"0,00 €"
Sarzana,119,"41,18%",49,"39,50%","4,21",00:05:45,"0,00%",0,"0,00 €"
Caronno Pertusella,119,"27,73%",33,"49,58%","2,47",00:01:50,"0,00%",0,"0,00 €"
Lido di Ostia,119,"37,82%",45,"57,98%","2,39",00:02:01,"0,00%",0,"0,00 €"
Rescaldina,118,"25,42%",30,"50,85%","2,59",00:02:35,"0,00%",0,"0,00 €"
Tortona,117,"39,32%",46,"47,86%","4,04",00:03:40,"0,00%",0,"0,00 €"
Frosinone,117,"50,43%",59,"61,54%","2,29",00:01:35,"0,00%",0,"0,00 €"
Pinerolo,116,"31,03%",36,"56,90%","3,90",00:03:18,"0,00%",0,"0,00 €"
Castelfranco Emilia,115,"28,70%",33,"41,74%","2,76",00:01:46,"0,00%",0,"0,00 €"
Osimo,114,"40,35%",46,"53,51%","2,45",00:01:46,"0,00%",0,"0,00 €"
Olginate,114,"13,16%",15,"42,11%","4,15",00:04:22,"0,00%",0,"0,00 €"
Casoria,114,"71,93%",82,"70,18%","1,84",00:01:05,"0,00%",0,"0,00 €"
Martina Franca,114,"48,25%",55,"59,65%","2,15",00:02:33,"0,00%",0,"0,00 €"
Modica,113,"29,20%",33,"50,44%","2,62",00:03:02,"0,00%",0,"0,00 €"
Sesto Calende,113,"30,97%",35,"39,82%","3,37",00:04:46,"0,00%",0,"0,00 €"
Sestu,113,"70,80%",80,"70,80%","1,73",00:00:39,"0,00%",0,"0,00 €"
Fermo,112,"54,46%",61,"69,64%","1,80",00:00:58,"0,00%",0,"0,00 €"
Bisceglie,112,"44,64%",50,"50,00%","2,71",00:03:19,"0,00%",0,"0,00 €"
Acireale,112,"46,43%",52,"67,86%","10,13",00:02:06,"0,00%",0,"0,00 €"
Lignano Sabbiadoro,111,"30,63%",34,"45,05%","3,41",00:02:57,"0,00%",0,"0,00 €"
Arzignano,111,"54,05%",60,"50,45%","3,19",00:06:28,"0,00%",0,"0,00 €"
Assemini,111,"73,87%",82,"73,87%","2,04",00:01:54,"0,00%",0,"0,00 €"
Montecatini Terme,111,"34,23%",38,"56,76%","2,64",00:07:32,"0,00%",0,"0,00 €"
Marano di Napoli,110,"59,09%",65,"60,91%","1,86",00:01:36,"0,00%",0,"0,00 €"
Limena,110,"28,18%",31,"40,91%","3,15",00:02:20,"0,00%",0,"0,00 €"
Ciampino,110,"43,64%",48,"55,45%","2,23",00:01:58,"0,00%",0,"0,00 €"
Carugate,109,"46,79%",51,"47,71%","2,42",00:01:24,"0,00%",0,"0,00 €"
Vignola,109,"43,12%",47,"43,12%","3,70",00:02:59,"0,00%",0,"0,00 €"
Piana del Sole,109,"31,19%",34,"54,13%","2,88",00:03:33,"0,00%",0,"0,00 €"
Gorle,108,"36,11%",39,"49,07%","3,05",00:02:01,"0,00%",0,"0,00 €"
Bovolone,108,"15,74%",17,"41,67%","3,25",00:04:32,"0,00%",0,"0,00 €"
Mandello del Lario,108,"31,48%",34,"41,67%","2,97",00:02:32,"0,00%",0,"0,00 €"
Lucera,107,"48,60%",52,"51,40%","2,31",00:01:37,"0,00%",0,"0,00 €"
Civitavecchia,107,"36,45%",39,"58,88%","2,07",00:01:02,"0,00%",0,"0,00 €"
Venaria,107,"38,32%",41,"51,40%","3,07",00:03:19,"0,00%",0,"0,00 €"
Vimodrone,106,"31,13%",33,"47,17%","2,84",00:01:51,"0,00%",0,"0,00 €"
Senago,105,"56,19%",59,"47,62%","2,59",00:01:32,"0,00%",0,"0,00 €"
Melzo,104,"41,35%",43,"49,04%","3,15",00:03:44,"0,00%",0,"0,00 €"
Pozzuoli,104,"51,92%",54,"62,50%","1,83",00:01:40,"0,00%",0,"0,00 €"
Avigliana,104,"22,12%",23,"32,69%","3,77",00:05:00,"0,00%",0,"0,00 €"
Rapallo,103,"40,78%",42,"47,57%","2,90",00:02:49,"0,00%",0,"0,00 €"
Arco,103,"32,04%",33,"45,63%","2,99",00:03:16,"0,00%",0,"0,00 €"
Varazze,102,"22,55%",23,"47,06%","3,77",00:03:33,"0,00%",0,"0,00 €"
Altavilla Vicentina,101,"36,63%",37,"35,64%","3,57",00:03:47,"0,00%",0,"0,00 €"
Fiumicino,101,"45,54%",46,"42,57%","2,97",00:04:09,"0,00%",0,"0,00 €"
Spoleto,99,"32,32%",32,"49,49%","3,06",00:03:27,"0,00%",0,"0,00 €"
Settimo Torinese,99,"42,42%",42,"57,58%","2,65",00:02:23,"0,00%",0,"0,00 €"
Mestrino,98,"29,59%",29,"39,80%","4,81",00:11:43,"0,00%",0,"0,00 €"
Selvazzano Dentro,98,"35,71%",35,"63,27%","2,02",00:01:32,"0,00%",0,"0,00 €"
Chieri,97,"43,30%",42,"55,67%","2,13",00:01:31,"0,00%",0,"0,00 €"
Oderzo,97,"30,93%",30,"52,58%","2,74",00:04:44,"0,00%",0,"0,00 €"
Molfetta,96,"39,58%",38,"62,50%","2,31",00:01:52,"0,00%",0,"0,00 €"
Sciacca,95,"32,63%",31,"51,58%","2,83",00:03:09,"0,00%",0,"0,00 €"
Melegnano,95,"31,58%",30,"41,05%","4,17",00:05:01,"0,00%",0,"0,00 €"
Collecchio,95,"23,16%",22,"55,79%","2,62",00:03:36,"0,00%",0,"0,00 €"
Bibione,95,"30,53%",29,"51,58%","3,03",00:05:11,"0,00%",0,"0,00 €"
Bitonto,94,"43,62%",41,"44,68%","2,83",00:01:57,"0,00%",0,"0,00 €"
San Giovanni In Persiceto,94,"31,91%",30,"60,64%","2,70",00:03:22,"0,00%",0,"0,00 €"
Vittuone,94,"18,09%",17,"38,30%","4,34",00:03:28,"0,00%",0,"0,00 €"
Guastalla,93,"31,18%",29,"49,46%","2,23",00:02:29,"0,00%",0,"0,00 €"
Velletri,93,"36,56%",34,"43,01%","2,86",00:03:23,"0,00%",0,"0,00 €"
Acqui,92,"23,91%",22,"46,74%","2,64",00:02:22,"0,00%",0,"0,00 €"
Pontassieve,91,"45,05%",41,"45,05%","3,66",00:03:01,"0,00%",0,"0,00 €"
Cusago,91,"5,49%",5,"40,66%","2,47",00:02:15,"0,00%",0,"0,00 €"
Cossato,91,"31,87%",29,"49,45%","2,23",00:03:45,"0,00%",0,"0,00 €"
Monfalcone,90,"36,67%",33,"36,67%","3,26",00:03:33,"0,00%",0,"0,00 €"
Brugherio,90,"33,33%",30,"52,22%","2,77",00:02:06,"0,00%",0,"0,00 €"
Oleggio,90,"28,89%",26,"45,56%","3,33",00:03:34,"0,00%",0,"0,00 €"
Assisi,90,"33,33%",30,"48,89%","3,68",00:06:27,"0,00%",0,"0,00 €"
Nola,89,"58,43%",52,"57,30%","2,66",00:04:53,"0,00%",0,"0,00 €"
Reggio Calabria,89,"74,16%",66,"66,29%","2,10",00:01:06,"0,00%",0,"0,00 €"
Mira Taglio,89,"42,70%",38,"57,30%","2,30",00:01:57,"0,00%",0,"0,00 €"
Maranello,88,"59,09%",52,"50,00%","3,26",00:05:27,"0,00%",0,"0,00 €"
Citta di Castello,88,"52,27%",46,"55,68%","3,05",00:03:28,"0,00%",0,"0,00 €"
Cittadella,87,"54,02%",47,"57,47%","2,47",00:02:00,"0,00%",0,"0,00 €"
Gavirate,87,"24,14%",21,"55,17%","2,91",00:04:35,"0,00%",0,"0,00 €"
Anzio,87,"35,63%",31,"49,43%","2,49",00:01:22,"0,00%",0,"0,00 €"
San Candido,86,"9,30%",8,"46,51%","2,35",00:01:41,"0,00%",0,"0,00 €"
Urbino,86,"58,14%",50,"60,47%","2,80",00:01:59,"0,00%",0,"0,00 €"
Altamura,85,"60,00%",51,"71,76%","1,79",00:01:10,"0,00%",0,"0,00 €"
Vasto,85,"42,35%",36,"50,59%","2,46",00:02:06,"0,00%",0,"0,00 €"
Afragola,85,"61,18%",52,"68,24%","2,00",00:01:38,"0,00%",0,"0,00 €"
Nuoro,85,"70,59%",60,"70,59%","1,74",00:01:31,"0,00%",0,"0,00 €"
Monselice,85,"47,06%",40,"63,53%","2,09",00:01:11,"0,00%",0,"0,00 €"
Diano Marina,85,"21,18%",18,"40,00%","3,11",00:02:42,"0,00%",0,"0,00 €"
Ortona,84,"30,95%",26,"42,86%","3,40",00:02:24,"0,00%",0,"0,00 €"
Trecate,84,"29,76%",25,"41,67%","2,83",00:03:08,"0,00%",0,"0,00 €"
Pergine Valsugana,84,"42,86%",36,"60,71%","2,07",00:02:38,"0,00%",0,"0,00 €"
Loano,83,"15,66%",13,"45,78%","3,10",00:02:08,"0,00%",0,"0,00 €"
Piove di Sacco,83,"42,17%",35,"43,37%","2,98",00:02:03,"0,00%",0,"0,00 €"
Bresso,82,"53,66%",44,"56,10%","3,22",00:02:29,"0,00%",0,"0,00 €"
Quistello,82,"19,51%",16,"36,59%","4,10",00:06:01,"0,00%",0,"0,00 €"
Spresiano,82,"52,44%",43,"34,15%","5,63",00:06:30,"0,00%",0,"0,00 €"
Cardano Al Campo,82,"30,49%",25,"47,56%","2,61",00:02:33,"0,00%",0,"0,00 €"
Mirano,82,"53,66%",44,"65,85%","2,60",00:02:10,"0,00%",0,"0,00 €"
Grottaferrata,82,"35,37%",29,"45,12%","2,83",00:02:37,"0,00%",0,"0,00 €"
Nettuno,82,"31,71%",26,"56,10%","3,12",00:01:16,"0,00%",0,"0,00 €"
Agrigento,81,"65,43%",53,"53,09%","2,23",00:01:16,"0,00%",0,"0,00 €"
Cecina,81,"38,27%",31,"54,32%","3,32",00:02:28,"0,00%",0,"0,00 €"
Concorezzo,81,"48,15%",39,"45,68%","3,11",00:03:58,"0,00%",0,"0,00 €"
Nerviano,81,"43,21%",35,"40,74%","3,80",00:02:56,"0,00%",0,"0,00 €"
Mirandola,81,"48,15%",39,"54,32%","4,59",00:03:12,"0,00%",0,"0,00 €"
Galliate,81,"25,93%",21,"61,73%","2,07",00:00:51,"0,00%",0,"0,00 €"
Castellammare di Stabia,81,"76,54%",62,"75,31%","1,44",00:01:01,"0,00%",0,"0,00 €"
Modugno,81,"66,67%",54,"60,49%","2,40",00:01:24,"0,00%",0,"0,00 €"
Barzano,80,"16,25%",13,"48,75%","2,25",00:01:11,"0,00%",0,"0,00 €"
San Severo,80,"30,00%",24,"47,50%","2,79",00:02:08,"0,00%",0,"0,00 €"
Lamezia Terme,80,"52,50%",42,"46,25%","2,80",00:01:56,"0,00%",0,"0,00 €"
Guanzate,79,"13,92%",11,"44,30%","2,72",00:01:31,"0,00%",0,"0,00 €"
Nova Milanese,79,"37,97%",30,"54,43%","2,82",00:04:37,"0,00%",0,"0,00 €"
Lugo,79,"30,38%",24,"50,63%","2,82",00:03:11,"0,00%",0,"0,00 €"
Grugliasco,79,"27,85%",22,"48,10%","2,32",00:01:55,"0,00%",0,"0,00 €"
Bardolino,79,"21,52%",17,"49,37%","3,56",00:07:59,"0,00%",0,"0,00 €"
Isola di Capo Rizzuto,78,"1,28%",1,"26,92%","2,50",00:02:09,"0,00%",0,"0,00 €"
Bovisio-Masciago,78,"28,21%",22,"50,00%","3,06",00:02:51,"0,00%",0,"0,00 €"
Gorizia,77,"45,45%",35,"55,84%","2,94",00:01:08,"0,00%",0,"0,00 €"
Bordighera,77,"32,47%",25,"45,45%","3,48",00:02:18,"0,00%",0,"0,00 €"
Monterotondo,77,"40,26%",31,"57,14%","2,49",00:03:00,"0,00%",0,"0,00 €"
Buttrio,77,"15,58%",12,"24,68%","4,19",00:02:18,"0,00%",0,"0,00 €"
Guidonia,77,"28,57%",22,"51,95%","3,49",00:07:48,"0,00%",0,"0,00 €"
Merone,76,"7,89%",6,"28,95%","5,36",00:05:11,"0,00%",0,"0,00 €"
Follonica,76,"28,95%",22,"39,47%","2,63",00:02:07,"0,00%",0,"0,00 €"
Montecchio Maggiore-Alte Ceccato,76,"51,32%",39,"61,84%","2,38",00:02:04,"0,00%",0,"0,00 €"
Novedrate,75,"28,00%",21,"17,33%","3,51",00:03:02,"0,00%",0,"0,00 €"
Cavaion Veronese,75,"28,00%",21,"50,67%","2,32",00:01:39,"0,00%",0,"0,00 €"
Caorle,75,"32,00%",24,"49,33%","3,01",00:02:23,"0,00%",0,"0,00 €"
Lerici,75,"29,33%",22,"50,67%","2,39",00:02:10,"0,00%",0,"0,00 €"
Saluzzo,74,"47,30%",35,"44,59%","3,41",00:03:37,"0,00%",0,"0,00 €"
Agropoli,74,"62,16%",46,"74,32%","1,76",00:00:41,"0,00%",0,"0,00 €"
Usmate Velate,74,"50,00%",37,"55,41%","2,51",00:02:42,"0,00%",0,"0,00 €"
Calderara di Reno,73,"75,34%",55,"76,71%","1,60",00:00:24,"0,00%",0,"0,00 €"
Vigonza,73,"52,05%",38,"60,27%","2,22",00:02:20,"0,00%",0,"0,00 €"
Sulmona,73,"34,25%",25,"46,58%","3,00",00:03:16,"0,00%",0,"0,00 €"
Monopoli,72,"55,56%",40,"52,78%","2,51",00:01:59,"0,00%",0,"0,00 €"
Crotone,72,"50,00%",36,"56,94%","2,61",00:05:08,"0,00%",0,"0,00 €"
Aprilia,72,"34,72%",25,"62,50%","2,49",00:01:09,"0,00%",0,"0,00 €"
Poggibonsi,72,"45,83%",33,"54,17%","2,79",00:01:05,"0,00%",0,"0,00 €"
Valdagno,72,"37,50%",27,"61,11%","3,01",00:08:31,"0,00%",0,"0,00 €"
Varedo,71,"35,21%",25,"64,79%","2,49",00:02:08,"0,00%",0,"0,00 €"
Rosignano Solvay-Castiglioncello,70,"38,57%",27,"47,14%","5,69",00:17:51,"0,00%",0,"0,00 €"
Arluno,70,"44,29%",31,"47,14%","3,43",00:06:17,"0,00%",0,"0,00 €"
Correggio,70,"48,57%",34,"75,71%","2,00",00:01:33,"0,00%",0,"0,00 €"
Capriate San Gervasio,69,"37,68%",26,"36,23%","3,25",00:03:19,"0,00%",0,"0,00 €"
Brixen,69,"43,48%",30,"62,32%","2,17",00:01:11,"0,00%",0,"0,00 €"
Bra,69,"37,68%",26,"55,07%","2,55",00:01:48,"0,00%",0,"0,00 €"
Grandate,69,"24,64%",17,"37,68%","3,52",00:01:54,"0,00%",0,"0,00 €"
Campi Bisenzio,69,"47,83%",33,"49,28%","2,52",00:01:55,"0,00%",0,"0,00 €"
Gioia Tauro,69,"39,13%",27,"55,07%","1,78",00:00:55,"0,00%",0,"0,00 €"
Cerignola,69,"47,83%",33,"56,52%","2,65",00:05:32,"0,00%",0,"0,00 €"
Lazise,69,"40,58%",28,"43,48%","2,61",00:02:23,"0,00%",0,"0,00 €"
Ornago,68,"19,12%",13,"19,12%","3,78",00:03:48,"0,00%",0,"0,00 €"
Portici,68,"58,82%",40,"64,71%","1,71",00:01:59,"0,00%",0,"0,00 €"
Albenga,68,"38,24%",26,"67,65%","1,94",00:01:02,"0,00%",0,"0,00 €"
Asolo,68,"54,41%",37,"57,35%","2,43",00:01:36,"0,00%",0,"0,00 €"
Negrar,68,"29,41%",20,"36,76%","3,32",00:07:56,"0,00%",0,"0,00 €"
Feltre,67,"52,24%",35,"56,72%","2,28",00:01:37,"0,00%",0,"0,00 €"
Termoli,67,"53,73%",36,"58,21%","3,06",00:03:36,"0,00%",0,"0,00 €"
Montelupo Fiorentino,67,"19,40%",13,"52,24%","4,03",00:04:30,"0,00%",0,"0,00 €"
Cavriago,67,"22,39%",15,"38,81%","3,37",00:02:56,"0,00%",0,"0,00 €"
Valdobbiadene,66,"31,82%",21,"45,45%","2,41",00:02:51,"0,00%",0,"0,00 €"
Cefalu,66,"31,82%",21,"42,42%","3,83",00:07:14,"0,00%",0,"0,00 €"
Lonigo,65,"61,54%",40,"70,77%","2,38",00:00:51,"0,00%",0,"0,00 €"
Camposampiero,64,"46,88%",30,"62,50%","2,23",00:01:41,"0,00%",0,"0,00 €"
Giulianova,64,"46,88%",30,"65,62%","2,03",00:01:49,"0,00%",0,"0,00 €"
Sestri Levante,64,"34,38%",22,"51,56%","2,08",00:02:13,"0,00%",0,"0,00 €"
Paterno,63,"49,21%",31,"53,97%","2,43",00:01:20,"0,00%",0,"0,00 €"
Tolentino,63,"38,10%",24,"47,62%","4,10",00:02:02,"0,00%",0,"0,00 €"
Sant'agata Bolognese,63,"63,49%",40,"57,14%","2,00",00:00:39,"0,00%",0,"0,00 €"
Santa Maria Capua Vetere,63,"39,68%",25,"57,14%","1,98",00:01:29,"0,00%",0,"0,00 €"
Cambiago,62,"24,19%",15,"35,48%","3,48",00:02:27,"0,00%",0,"0,00 €"
Sorrento Peninsula,62,"35,48%",22,"50,00%","2,48",00:04:12,"0,00%",0,"0,00 €"
Vittoria,62,"54,84%",34,"53,23%","3,26",00:05:34,"0,00%",0,"0,00 €"
Roseto degli Abruzzi,62,"32,26%",20,"58,06%","2,02",00:01:01,"0,00%",0,"0,00 €"
Menaggio,61,"22,95%",14,"49,18%","4,00",00:03:14,"0,00%",0,"0,00 €"
Lacchiarella,61,"49,18%",30,"21,31%","3,64",00:04:11,"0,00%",0,"0,00 €"
Caldaro,60,"16,67%",10,"51,67%","3,43",00:03:27,"0,00%",0,"0,00 €"
Iglesias,60,"30,00%",18,"41,67%","4,92",00:03:14,"0,00%",0,"0,00 €"
Torre del Greco,60,"65,00%",39,"76,67%","1,45",00:00:57,"0,00%",0,"0,00 €"
Bagheria,60,"50,00%",30,"51,67%","2,20",00:02:21,"0,00%",0,"0,00 €"
Brugnera,60,"26,67%",16,"51,67%","2,77",00:01:40,"0,00%",0,"0,00 €"
Nocera Inferiore,60,"68,33%",41,"61,67%","1,78",00:00:50,"0,00%",0,"0,00 €"
Orvieto,60,"38,33%",23,"65,00%","2,17",00:01:58,"0,00%",0,"0,00 €"
Barcellona Pozzo di Gotto,59,"37,29%",22,"52,54%","2,47",00:02:45,"0,00%",0,"0,00 €"
Igea Marina,59,"32,20%",19,"50,85%","2,39",00:01:53,"0,00%",0,"0,00 €"
Mondovi,58,"51,72%",30,"68,97%","2,17",00:02:03,"0,00%",0,"0,00 €"
Calenzano,58,"36,21%",21,"65,52%","1,81",00:00:54,"0,00%",0,"0,00 €"
Isernia,58,"55,17%",32,"70,69%","2,09",00:02:04,"0,00%",0,"0,00 €"
Bruneck,57,"33,33%",19,"47,37%","3,42",00:02:10,"0,00%",0,"0,00 €"
Bernareggio,57,"17,54%",10,"40,35%","3,60",00:04:49,"0,00%",0,"0,00 €"
Trebaseleghe,57,"35,09%",20,"43,86%","3,42",00:03:37,"0,00%",0,"0,00 €"
San Giovanni Al Natisone,57,"36,84%",21,"43,86%","3,35",00:03:32,"0,00%",0,"0,00 €"
Pregnana Milanese,56,"33,93%",19,"33,93%","3,79",00:05:04,"0,00%",0,"0,00 €"
Seveso,56,"32,14%",18,"71,43%","1,98",00:01:31,"0,00%",0,"0,00 €"
Rivarolo Canavese,56,"32,14%",18,"64,29%","2,00",00:01:00,"0,00%",0,"0,00 €"
Mogliano Veneto,56,"53,57%",30,"50,00%","2,80",00:02:28,"0,00%",0,"0,00 €"
Castelnovo di Sotto,56,"30,36%",17,"41,07%","2,73",00:04:43,"0,00%",0,"0,00 €"
Ponte San Nicolo,56,"42,86%",24,"55,36%","2,55",00:01:38,"0,00%",0,"0,00 €"
Budrio,55,"27,27%",15,"49,09%","2,76",00:02:44,"0,00%",0,"0,00 €"
Francavilla al Mare,55,"63,64%",35,"69,09%","1,85",00:01:15,"0,00%",0,"0,00 €"
Pompei,55,"36,36%",20,"61,82%","2,44",00:01:47,"0,00%",0,"0,00 €"
Cirie,55,"43,64%",24,"45,45%","3,80",00:03:20,"0,00%",0,"0,00 €"
Bellusco,54,"18,52%",10,"46,30%","3,48",00:07:20,"0,00%",0,"0,00 €"
Misano Adriatico,54,"14,81%",8,"29,63%","3,19",00:02:13,"0,00%",0,"0,00 €"
Vibo Valentia,54,"57,41%",31,"68,52%","1,74",00:00:52,"0,00%",0,"0,00 €"
Canosa di Puglia,54,"75,93%",41,"70,37%","1,57",00:00:32,"0,00%",0,"0,00 €"
Casalnuovo di Napoli,54,"50,00%",27,"64,81%","2,37",00:02:53,"0,00%",0,"0,00 €"
San Giorgio delle Pertiche,54,"66,67%",36,"77,78%","1,54",00:00:22,"0,00%",0,"0,00 €"
Portoferraio,53,"39,62%",21,"49,06%","2,62",00:02:25,"0,00%",0,"0,00 €"
Muggio,53,"45,28%",24,"54,72%","2,68",00:02:23,"0,00%",0,"0,00 €"
Bastia Umbra,53,"52,83%",28,"67,92%","1,83",00:01:17,"0,00%",0,"0,00 €"
Paese,53,"16,98%",9,"35,85%","3,42",00:02:16,"0,00%",0,"0,00 €"
Caltanissetta,52,"61,54%",32,"57,69%","2,15",00:01:51,"0,00%",0,"0,00 €"
Enna,52,"32,69%",17,"53,85%","11,54",00:03:37,"0,00%",0,"0,00 €"
Figline Valdarno,52,"38,46%",20,"48,08%","3,15",00:02:11,"0,00%",0,"0,00 €"
Tivoli,52,"46,15%",24,"55,77%","2,19",00:01:09,"0,00%",0,"0,00 €"
Mozzecane,52,"38,46%",20,"59,62%","3,04",00:02:42,"0,00%",0,"0,00 €"
Vipiteno,52,"23,08%",12,"40,38%","3,60",00:11:20,"0,00%",0,"0,00 €"
Fossano,51,"47,06%",24,"49,02%","2,65",00:02:46,"0,00%",0,"0,00 €"
Spilimbergo,51,"29,41%",15,"39,22%","3,08",00:02:44,"0,00%",0,"0,00 €"
Frascati,51,"43,14%",22,"54,90%","2,67",00:01:43,"0,00%",0,"0,00 €"
Santarcangelo di Romagna,51,"41,18%",21,"52,94%","2,84",00:02:37,"0,00%",0,"0,00 €"
Arenzano,50,"36,00%",18,"52,00%","2,80",00:01:22,"0,00%",0,"0,00 €"
Recanati,50,"60,00%",30,"56,00%","2,10",00:01:07,"0,00%",0,"0,00 €"
Nonantola,50,"28,00%",14,"52,00%","2,56",00:03:58,"0,00%",0,"0,00 €"
Scorze,50,"60,00%",30,"48,00%","2,18",00:02:53,"0,00%",0,"0,00 €"
Fabriano,49,"63,27%",31,"65,31%","4,08",00:04:27,"0,00%",0,"0,00 €"
Solaro,49,"36,73%",18,"57,14%","2,18",00:01:07,"0,00%",0,"0,00 €"
Villasanta,49,"40,82%",20,"48,98%","2,90",00:02:27,"0,00%",0,"0,00 €"
Lonate Pozzolo,49,"53,06%",26,"55,10%","2,67",00:04:58,"0,00%",0,"0,00 €"
Marostica,49,"38,78%",19,"67,35%","2,06",00:01:45,"0,00%",0,"0,00 €"
Ciserano,48,"25,00%",12,"43,75%","3,77",00:03:04,"0,00%",0,"0,00 €"
Marcianise,48,"39,58%",19,"79,17%","2,56",00:05:51,"0,00%",0,"0,00 €"
Cesate,48,"27,08%",13,"37,50%","3,48",00:01:48,"0,00%",0,"0,00 €"
Ariccia,48,"20,83%",10,"50,00%","2,42",00:02:06,"0,00%",0,"0,00 €"
Codroipo,48,"37,50%",18,"45,83%","2,77",00:02:51,"0,00%",0,"0,00 €"
Colle di Val d'Elsa,48,"62,50%",30,"58,33%","1,73",00:00:52,"0,00%",0,"0,00 €"
Reggiolo,47,"34,04%",16,"38,30%","6,70",00:25:05,"0,00%",0,"0,00 €"
Rubiera,47,"46,81%",22,"53,19%","4,47",00:12:02,"0,00%",0,"0,00 €"
Cuveglio,47,"34,04%",16,"48,94%","3,77",00:05:07,"0,00%",0,"0,00 €"
Noale,47,"31,91%",15,"55,32%","2,38",00:02:26,"0,00%",0,"0,00 €"
Rosa,47,"48,94%",23,"51,06%","3,19",00:02:08,"0,00%",0,"0,00 €"
Forte dei Marmi,47,"40,43%",19,"59,57%","2,40",00:01:22,"0,00%",0,"0,00 €"
Marino,47,"42,55%",20,"42,55%","2,70",00:03:57,"0,00%",0,"0,00 €"
Cortina d'Ampezzo,46,"56,52%",26,"52,17%","2,87",00:01:49,"0,00%",0,"0,00 €"
Castano Primo,46,"58,70%",27,"47,83%","3,80",00:02:41,"0,00%",0,"0,00 €"
Cerro Maggiore,46,"32,61%",15,"47,83%","3,65",00:06:17,"0,00%",0,"0,00 €"
Legnaro,46,"26,09%",12,"56,52%","2,22",00:01:51,"0,00%",0,"0,00 €"
Santa Croce sull'Arno,46,"21,74%",10,"50,00%","1,87",00:02:24,"0,00%",0,"0,00 €"
Orbassano,46,"34,78%",16,"63,04%","2,04",00:02:04,"0,00%",0,"0,00 €"
Fagnano Olona,46,"63,04%",29,"47,83%","2,78",00:01:58,"0,00%",0,"0,00 €"
Bareggio,45,"24,44%",11,"46,67%","3,49",00:09:09,"0,00%",0,"0,00 €"
Fontanelle,45,"2,22%",1,"42,22%","3,02",00:04:01,"0,00%",0,"0,00 €"
Fasano,45,"42,22%",19,"57,78%","1,89",00:01:56,"0,00%",0,"0,00 €"
Grottaglie,45,"35,56%",16,"73,33%","1,76",00:01:07,"0,00%",0,"0,00 €"
Nago-torbole,45,"26,67%",12,"42,22%","2,82",00:03:33,"0,00%",0,"0,00 €"
Porto San Giorgio,44,"59,09%",26,"65,91%","2,23",00:02:06,"0,00%",0,"0,00 €"
Crevalcore,44,"22,73%",10,"50,00%","3,16",00:03:14,"0,00%",0,"0,00 €"
Casarano,44,"18,18%",8,"36,36%","4,48",00:03:20,"0,00%",0,"0,00 €"
Binasco,44,"43,18%",19,"40,91%","2,95",00:02:50,"0,00%",0,"0,00 €"
Gubbio,44,"56,82%",25,"56,82%","2,70",00:01:03,"0,00%",0,"0,00 €"
Gazzada Schianno,44,"29,55%",13,"59,09%","2,25",00:00:54,"0,00%",0,"0,00 €"
Frattamaggiore,44,"63,64%",28,"75,00%","1,59",00:02:46,"0,00%",0,"0,00 €"
Falconara Marittima,43,"39,53%",17,"74,42%","2,09",00:00:50,"0,00%",0,"0,00 €"
Casamassima,43,"32,56%",14,"51,16%","2,91",00:03:23,"0,00%",0,"0,00 €"
Argelato,43,"27,91%",12,"34,88%","3,12",00:04:52,"0,00%",0,"0,00 €"
Ostuni,43,"44,19%",19,"60,47%","2,28",00:01:44,"0,00%",0,"0,00 €"
Marigliano,43,"72,09%",31,"74,42%","1,60",00:01:19,"0,00%",0,"0,00 €"
Volterra,43,"51,16%",22,"58,14%","3,00",00:02:08,"0,00%",0,"0,00 €"
Garda,43,"30,23%",13,"44,19%","3,26",00:01:55,"0,00%",0,"0,00 €"
Valenza,42,"35,71%",15,"54,76%","3,60",00:06:38,"0,00%",0,"0,00 €"
Arese,42,"47,62%",20,"61,90%","1,88",00:02:57,"0,00%",0,"0,00 €"
Gaeta,42,"40,48%",17,"59,52%","2,36",00:01:07,"0,00%",0,"0,00 €"
Cento,41,"48,78%",20,"60,98%","2,37",00:02:00,"0,00%",0,"0,00 €"
Torre Lapillo,41,"41,46%",17,"36,59%","3,10",00:02:26,"0,00%",0,"0,00 €"
Aulla,41,"63,41%",26,"68,29%","2,41",00:00:51,"0,00%",0,"0,00 €"
Ischia,41,"58,54%",24,"41,46%","3,32",00:01:47,"0,00%",0,"0,00 €"
Montebello Vicentino,41,"19,51%",8,"46,34%","2,95",00:01:19,"0,00%",0,"0,00 €"
Asiago,41,"36,59%",15,"60,98%","2,05",00:01:42,"0,00%",0,"0,00 €"
Carmignano di Brenta,41,"39,02%",16,"41,46%","2,76",00:03:43,"0,00%",0,"0,00 €"
Gioia del Colle,41,"46,34%",19,"48,78%","2,78",00:02:11,"0,00%",0,"0,00 €"
San Gimignano,41,"24,39%",10,"41,46%","5,80",00:05:41,"0,00%",0,"0,00 €"
Canicatti,40,"35,00%",14,"62,50%","2,55",00:01:57,"0,00%",0,"0,00 €"
Pont-saint-martin,40,"10,00%",4,"50,00%","2,50",00:02:09,"0,00%",0,"0,00 €"
Ventimiglia,40,"22,50%",9,"45,00%","2,50",00:02:58,"0,00%",0,"0,00 €"
Inveruno,40,"27,50%",11,"40,00%","3,55",00:02:33,"0,00%",0,"0,00 €"
Vignate,40,"32,50%",13,"50,00%","2,32",00:01:06,"0,00%",0,"0,00 €"
Manduria,40,"40,00%",16,"60,00%","2,32",00:01:33,"0,00%",0,"0,00 €"
San Casciano In Val di Pesa,40,"27,50%",11,"50,00%","2,65",00:02:03,"0,00%",0,"0,00 €"
Canzo,39,"12,82%",5,"51,28%","5,56",00:09:29,"0,00%",0,"0,00 €"
Turate,39,"38,46%",15,"43,59%","3,00",00:03:45,"0,00%",0,"0,00 €"
Maglie,39,"41,03%",16,"51,28%","2,82",00:01:25,"0,00%",0,"0,00 €"
Pietrasanta,39,"30,77%",12,"46,15%","2,18",00:01:55,"0,00%",0,"0,00 €"
Castelvetro Piacentino,39,"23,08%",9,"35,90%","3,87",00:03:19,"0,00%",0,"0,00 €"
San Giustino,39,"12,82%",5,"35,90%","3,56",00:04:03,"0,00%",0,"0,00 €"
San Vito al Tagliamento,39,"48,72%",19,"46,15%","4,41",00:08:53,"0,00%",0,"0,00 €"
Mazara del Vallo,39,"28,21%",11,"53,85%","2,62",00:02:19,"0,00%",0,"0,00 €"
Cividale del Friuli,39,"30,77%",12,"58,97%","3,31",00:05:48,"0,00%",0,"0,00 €"
Scafati,39,"66,67%",26,"69,23%","1,64",00:01:12,"0,00%",0,"0,00 €"
Selargius,38,"63,16%",24,"71,05%","2,24",00:01:42,"0,00%",0,"0,00 €"
Anagni,38,"7,89%",3,"21,05%","8,16",00:05:37,"0,00%",0,"0,00 €"
Cassino,38,"60,53%",23,"68,42%","1,87",00:01:12,"0,00%",0,"0,00 €"
Fiuggi,38,"28,95%",11,"44,74%","3,16",00:02:47,"0,00%",0,"0,00 €"
Cassina de' Pecchi,38,"28,95%",11,"47,37%","2,55",00:01:43,"0,00%",0,"0,00 €"
San Miniato,38,"52,63%",20,"52,63%","2,21",00:02:16,"0,00%",0,"0,00 €"
Sant'Ilario d'Enza,38,"28,95%",11,"55,26%","2,45",00:03:15,"0,00%",0,"0,00 €"
Tor Lupara,38,"31,58%",12,"55,26%","2,63",00:01:54,"0,00%",0,"0,00 €"
Argenta,37,"37,84%",14,"59,46%","2,81",00:01:05,"0,00%",0,"0,00 €"
Villa Cortese,37,"8,11%",3,"54,05%","2,05",00:01:57,"0,00%",0,"0,00 €"
Pavullo Nel Frignano,37,"21,62%",8,"40,54%","3,08",00:01:30,"0,00%",0,"0,00 €"
Scandiano,37,"64,86%",24,"62,16%","4,78",00:15:16,"0,00%",0,"0,00 €"
Alcamo,37,"51,35%",19,"64,86%","3,05",00:01:43,"0,00%",0,"0,00 €"
Albano Laziale,37,"56,76%",21,"32,43%","3,22",00:03:23,"0,00%",0,"0,00 €"
Ca' Savio,37,"27,03%",10,"45,95%","2,11",00:01:44,"0,00%",0,"0,00 €"
San Giovanni Rotondo,36,"36,11%",13,"61,11%","2,44",00:02:24,"0,00%",0,"0,00 €"
Caivano,36,"69,44%",25,"52,78%","2,92",00:04:14,"0,00%",0,"0,00 €"
Gozzano,36,"11,11%",4,"19,44%","2,33",00:01:20,"0,00%",0,"0,00 €"
Eboli,36,"58,33%",21,"61,11%","2,61",00:03:26,"0,00%",0,"0,00 €"
Pianezza,36,"55,56%",20,"50,00%","2,83",00:01:30,"0,00%",0,"0,00 €"
Chiaravalle,35,"37,14%",13,"45,71%","2,37",00:01:26,"0,00%",0,"0,00 €"
Montevarchi,35,"25,71%",9,"40,00%","2,83",00:02:34,"0,00%",0,"0,00 €"
Albavilla,35,"37,14%",13,"57,14%","3,09",00:04:52,"0,00%",0,"0,00 €"
Cava Manara,35,"17,14%",6,"34,29%","6,11",00:05:36,"0,00%",0,"0,00 €"
Airasca,35,"85,71%",30,"28,57%","4,34",00:08:31,"0,00%",0,"0,00 €"
Malo,35,"25,71%",9,"25,71%","3,20",00:03:41,"0,00%",0,"0,00 €"
Caltagirone,34,"35,29%",12,"58,82%","2,91",00:02:05,"0,00%",0,"0,00 €"
Giarre,34,"41,18%",14,"52,94%","2,26",00:01:20,"0,00%",0,"0,00 €"
Porto Torres,34,"8,82%",3,"44,12%","3,88",00:05:06,"0,00%",0,"0,00 €"
Silea,34,"44,12%",15,"50,00%","3,65",00:02:49,"0,00%",0,"0,00 €"
Santhia,34,"14,71%",5,"50,00%","2,26",00:04:08,"0,00%",0,"0,00 €"
Adrano,34,"41,18%",14,"44,12%","2,94",00:03:19,"0,00%",0,"0,00 €"
Alpignano,34,"44,12%",15,"50,00%","5,79",00:02:04,"0,00%",0,"0,00 €"
Fiorano,34,"64,71%",22,"64,71%","3,94",00:05:05,"0,00%",0,"0,00 €"
Lana,34,"44,12%",15,"38,24%","3,97",00:05:34,"0,00%",0,"0,00 €"
Lentini,34,"55,88%",19,"29,41%","3,21",00:03:52,"0,00%",0,"0,00 €"
Anzola Dell'emilia,33,"39,39%",13,"45,45%","3,00",00:02:19,"0,00%",0,"0,00 €"
Trezzano Rosa,33,"12,12%",4,"33,33%","12,48",00:49:14,"0,00%",0,"0,00 €"
Dolo,33,"42,42%",14,"51,52%","2,24",00:01:30,"0,00%",0,"0,00 €"
Jesolo,33,"45,45%",15,"60,61%","1,64",00:00:28,"0,00%",0,"0,00 €"
Brendola,33,"36,36%",12,"45,45%","4,88",00:07:56,"0,00%",0,"0,00 €"
Alassio,33,"27,27%",9,"48,48%","2,15",00:01:46,"0,00%",0,"0,00 €"
Ladispoli,33,"27,27%",9,"48,48%","2,27",00:02:54,"0,00%",0,"0,00 €"
Montepulciano,33,"36,36%",12,"42,42%","2,70",00:01:38,"0,00%",0,"0,00 €"
Motta di Livenza,33,"24,24%",8,"51,52%","2,73",00:04:24,"0,00%",0,"0,00 €"
One,33,"33,33%",11,"42,42%","4,00",00:02:57,"0,00%",0,"0,00 €"
Borgaro Torinese,32,"25,00%",8,"43,75%","4,41",00:02:43,"0,00%",0,"0,00 €"
Recco,31,"38,71%",12,"45,16%","2,45",00:01:52,"0,00%",0,"0,00 €"
Cesano Boscone,31,"38,71%",12,"58,06%","2,32",00:02:08,"0,00%",0,"0,00 €"
Vaprio D'adda,31,"25,81%",8,"35,48%","6,32",00:19:55,"0,00%",0,"0,00 €"
Lauria,31,"32,26%",10,"41,94%","2,06",00:01:22,"0,00%",0,"0,00 €"
Chiusi,31,"38,71%",12,"58,06%","1,65",00:00:37,"0,00%",0,"0,00 €"
Stra,31,"48,39%",15,"51,61%","2,00",00:00:54,"0,00%",0,"0,00 €"
Castellana,31,"41,94%",13,"45,16%","2,26",00:03:27,"0,00%",0,"0,00 €"
Cisterna di Latina,31,"38,71%",12,"51,61%","3,42",00:01:54,"0,00%",0,"0,00 €"
Gravina in Puglia,31,"48,39%",15,"54,84%","2,94",00:03:03,"0,00%",0,"0,00 €"
Maserada Sul Piave,31,"54,84%",17,"64,52%","1,87",00:00:36,"0,00%",0,"0,00 €"
Quarto,31,"67,74%",21,"74,19%","1,77",00:01:35,"0,00%",0,"0,00 €"
Santa Margherita Ligure,31,"35,48%",11,"29,03%","2,71",00:01:34,"0,00%",0,"0,00 €"
Saint-Vincent,30,"3,33%",1,"56,67%","3,53",00:04:25,"0,00%",0,"0,00 €"
Grottammare,30,"60,00%",18,"56,67%","2,90",00:02:15,"0,00%",0,"0,00 €"
Putignano,30,"63,33%",19,"63,33%","2,57",00:03:47,"0,00%",0,"0,00 €"
Biassono,30,"50,00%",15,"56,67%","2,27",00:01:13,"0,00%",0,"0,00 €"
Pessano Con Bornago,30,"60,00%",18,"53,33%","2,40",00:05:15,"0,00%",0,"0,00 €"
Todi,30,"70,00%",21,"66,67%","6,27",00:13:02,"0,00%",0,"0,00 €"
Fontanafredda,30,"20,00%",6,"40,00%","3,20",00:02:47,"0,00%",0,"0,00 €"
Fara Gera D'Adda,29,"27,59%",8,"48,28%","3,07",00:06:17,"0,00%",0,"0,00 €"
Cabiate,29,"10,34%",3,"51,72%","2,41",00:02:02,"0,00%",0,"0,00 €"
Misterbianco,29,"55,17%",16,"65,52%","2,72",00:02:12,"0,00%",0,"0,00 €"
Grado,29,"20,69%",6,"41,38%","2,45",00:02:29,"0,00%",0,"0,00 €"
Campogalliano,29,"58,62%",17,"44,83%","5,76",00:03:09,"0,00%",0,"0,00 €"
Policoro,29,"41,38%",12,"48,28%","4,69",00:05:30,"0,00%",0,"0,00 €"
Cordenons,29,"41,38%",12,"44,83%","2,52",00:02:48,"0,00%",0,"0,00 €"
Maniago,29,"37,93%",11,"44,83%","4,62",00:06:07,"0,00%",0,"0,00 €"
Civita Castellana,29,"41,38%",12,"44,83%","3,34",00:03:20,"0,00%",0,"0,00 €"
Breganze,29,"62,07%",18,"62,07%","3,21",00:01:01,"0,00%",0,"0,00 €"
Resana,29,"48,28%",14,"65,52%","2,41",00:01:07,"0,00%",0,"0,00 €"
San Giovanni La Punta,28,"35,71%",10,"71,43%","3,25",00:09:38,"0,00%",0,"0,00 €"
Fucecchio,28,"39,29%",11,"57,14%","2,50",00:01:30,"0,00%",0,"0,00 €"
Porto Recanati,28,"60,71%",17,"53,57%","2,11",00:01:03,"0,00%",0,"0,00 €"
Ercolano,28,"75,00%",21,"67,86%","1,50",00:00:44,"0,00%",0,"0,00 €"
Castello di Godego,28,"35,71%",10,"50,00%","2,75",00:03:02,"0,00%",0,"0,00 €"
Induno Olona,28,"25,00%",7,"42,86%","2,54",00:02:33,"0,00%",0,"0,00 €"
Santa Maria di Sala,28,"39,29%",11,"53,57%","2,21",00:01:44,"0,00%",0,"0,00 €"
Cagli,28,"67,86%",19,"64,29%","2,29",00:01:24,"0,00%",0,"0,00 €"
Porto Sant'Elpidio,28,"53,57%",15,"50,00%","4,61",00:08:47,"0,00%",0,"0,00 €"
Sora,28,"53,57%",15,"53,57%","2,29",00:01:20,"0,00%",0,"0,00 €"
Bagnacavallo,27,"81,48%",22,"22,22%","6,48",00:02:26,"0,00%",0,"0,00 €"
Montagnana,26,"46,15%",12,"50,00%","2,62",00:03:24,"0,00%",0,"0,00 €"
Volpago del Montello,26,"34,62%",9,"53,85%","3,00",00:01:37,"0,00%",0,"0,00 €"
Rossano Veneto,26,"30,77%",8,"69,23%","1,46",00:00:25,"0,00%",0,"0,00 €"
Borso del Grappa,26,"46,15%",12,"26,92%","4,19",00:02:51,"0,00%",0,"0,00 €"
Carini,26,"38,46%",10,"42,31%","3,04",00:05:03,"0,00%",0,"0,00 €"
Gemona,26,"34,62%",9,"53,85%","2,96",00:04:14,"0,00%",0,"0,00 €"
Mesagne,26,"46,15%",12,"34,62%","3,73",00:03:21,"0,00%",0,"0,00 €"
Piossasco,26,"42,31%",11,"50,00%","2,08",00:01:43,"0,00%",0,"0,00 €"
Bertinoro,25,"4,00%",1,"36,00%","3,36",00:05:20,"0,00%",0,"0,00 €"
Leini,25,"52,00%",13,"56,00%","2,24",00:02:22,"0,00%",0,"0,00 €"
Preganziol,25,"52,00%",13,"52,00%","2,80",00:02:12,"0,00%",0,"0,00 €"
Quinto di Treviso,25,"68,00%",17,"64,00%","2,16",00:01:12,"0,00%",0,"0,00 €"
Pradamano,25,"36,00%",9,"60,00%","2,28",00:03:40,"0,00%",0,"0,00 €"
Borgosesia,25,"52,00%",13,"64,00%","3,24",00:07:15,"0,00%",0,"0,00 €"
Borgo San Lorenzo,25,"56,00%",14,"64,00%","2,20",00:02:42,"0,00%",0,"0,00 €"
Sansepolcro,24,"41,67%",10,"41,67%","6,12",00:22:34,"0,00%",0,"0,00 €"
Pescia,24,"45,83%",11,"58,33%","2,29",00:02:36,"0,00%",0,"0,00 €"
Canelli,24,"45,83%",11,"70,83%","1,58",00:00:33,"0,00%",0,"0,00 €"
Dresano,24,"37,50%",9,"62,50%","1,58",00:01:25,"0,00%",0,"0,00 €"
Spinetta Marengo,23,"17,39%",4,"43,48%","3,17",00:06:17,"0,00%",0,"0,00 €"
Castelfiorentino,23,"47,83%",11,"52,17%","4,09",00:01:47,"0,00%",0,"0,00 €"
Conselve,23,"43,48%",10,"65,22%","2,30",00:01:17,"0,00%",0,"0,00 €"
Ponsacco,23,"73,91%",17,"82,61%","1,35",00:00:17,"0,00%",0,"0,00 €"
Alfonsine,23,"30,43%",7,"39,13%","3,26",00:01:51,"0,00%",0,"0,00 €"
Sinalunga,23,"30,43%",7,"60,87%","2,26",00:00:58,"0,00%",0,"0,00 €"
Baveno,23,"56,52%",13,"43,48%","3,43",00:04:53,"0,00%",0,"0,00 €"
Trissino,23,"47,83%",11,"60,87%","3,22",00:03:56,"0,00%",0,"0,00 €"
San Zeno di Montagna,23,"34,78%",8,"52,17%","3,48",00:02:05,"0,00%",0,"0,00 €"
Adria,23,"34,78%",8,"52,17%","2,17",00:01:20,"0,00%",0,"0,00 €"
Fisciano,23,"65,22%",15,"60,87%","1,74",00:00:51,"0,00%",0,"0,00 €"
Fossombrone,23,"52,17%",12,"47,83%","2,30",00:01:52,"0,00%",0,"0,00 €"
Sandrigo,23,"34,78%",8,"52,17%","2,17",00:01:53,"0,00%",0,"0,00 €"
Naturno,22,"50,00%",11,"54,55%","2,14",00:01:53,"0,00%",0,"0,00 €"
Fondi,22,"50,00%",11,"59,09%","1,82",00:02:17,"0,00%",0,"0,00 €"
Lipari,22,"54,55%",12,"31,82%","5,82",00:03:55,"0,00%",0,"0,00 €"
Cornate D'adda,22,"45,45%",10,"54,55%","2,50",00:01:43,"0,00%",0,"0,00 €"
Torre Annunziata,22,"54,55%",12,"68,18%","1,64",00:00:37,"0,00%",0,"0,00 €"
Umbertide,22,"36,36%",8,"72,73%","1,77",00:00:40,"0,00%",0,"0,00 €"
Azzano Decimo,22,"27,27%",6,"36,36%","2,95",00:02:17,"0,00%",0,"0,00 €"
Colleferro,22,"50,00%",11,"59,09%","2,45",00:01:10,"0,00%",0,"0,00 €"
San Mauro Torinese,22,"54,55%",12,"45,45%","3,14",00:01:56,"0,00%",0,"0,00 €"
Castelrotto,22,"45,45%",10,"40,91%","3,55",00:06:07,"0,00%",0,"0,00 €"
Villanova d'Asti,21,"38,10%",8,"52,38%","2,43",00:00:59,"0,00%",0,"0,00 €"
Santeramo In Colle,21,"57,14%",12,"71,43%","2,14",00:01:43,"0,00%",0,"0,00 €"
Vergato,21,"33,33%",7,"76,19%","1,71",00:02:53,"0,00%",0,"0,00 €"
Carbonate,21,"28,57%",6,"42,86%","5,24",00:04:24,"0,00%",0,"0,00 €"
Mercato Saraceno,21,"23,81%",5,"33,33%","2,43",00:04:38,"0,00%",0,"0,00 €"
Formia,21,"42,86%",9,"57,14%","1,71",00:01:22,"0,00%",0,"0,00 €"
Capo D'orlando,21,"42,86%",9,"57,14%","2,33",00:01:09,"0,00%",0,"0,00 €"
Cervignano del Friuli,21,"42,86%",9,"47,62%","3,57",00:04:00,"0,00%",0,"0,00 €"
Manfredonia,21,"71,43%",15,"80,95%","1,86",00:01:11,"0,00%",0,"0,00 €"
Molinella,21,"38,10%",8,"61,90%","2,67",00:03:44,"0,00%",0,"0,00 €"
Pozzallo,21,"42,86%",9,"57,14%","2,57",00:01:41,"0,00%",0,"0,00 €"
San Giovanni Valdarno,21,"47,62%",10,"47,62%","2,10",00:02:45,"0,00%",0,"0,00 €"
Noci,20,"60,00%",12,"65,00%","1,90",00:00:36,"0,00%",0,"0,00 €"
Racconigi,20,"75,00%",15,"60,00%","2,40",00:01:42,"0,00%",0,"0,00 €"
Pogliano Milanese,20,"35,00%",7,"40,00%","2,70",00:04:33,"0,00%",0,"0,00 €"
Finale Emilia,20,"65,00%",13,"60,00%","1,70",00:01:35,"0,00%",0,"0,00 €"
Positano,20,"10,00%",2,"55,00%","2,10",00:01:36,"0,00%",0,"0,00 €"
Rivalta di Torino,20,"45,00%",9,"60,00%","1,75",00:00:43,"0,00%",0,"0,00 €"
Cartigliano,20,"65,00%",13,"35,00%","3,20",00:01:47,"0,00%",0,"0,00 €"
Torri di Quartesolo,20,"40,00%",8,"70,00%","2,55",00:04:06,"0,00%",0,"0,00 €"
Orbetello,20,"25,00%",5,"55,00%","2,40",00:00:51,"0,00%",0,"0,00 €"
Quarrata,20,"35,00%",7,"50,00%","3,85",00:03:20,"0,00%",0,"0,00 €"
Castelfidardo,19,"68,42%",13,"78,95%","1,37",00:00:21,"0,00%",0,"0,00 €"
Ponteranica,19,"42,11%",8,"47,37%","3,37",00:03:51,"0,00%",0,"0,00 €"
Pianoro,19,"42,11%",8,"52,63%","4,53",00:09:47,"0,00%",0,"0,00 €"
Francavilla Fontana,19,"47,37%",9,"52,63%","1,68",00:00:36,"0,00%",0,"0,00 €"
Casatenovo,19,"31,58%",6,"63,16%","1,95",00:01:03,"0,00%",0,"0,00 €"
Partinico,19,"84,21%",16,"68,42%","1,37",00:01:00,"0,00%",0,"0,00 €"
Montecchio Emilia,19,"31,58%",6,"42,11%","2,42",00:01:38,"0,00%",0,"0,00 €"
Sala Consilina,19,"52,63%",10,"57,89%","1,89",00:01:16,"0,00%",0,"0,00 €"
Spotorno,19,"36,84%",7,"52,63%","3,11",00:02:24,"0,00%",0,"0,00 €"
Zane,19,"94,74%",18,"42,11%","4,74",00:03:11,"0,00%",0,"0,00 €"
Caldiero,19,"21,05%",4,"47,37%","2,21",00:00:41,"0,00%",0,"0,00 €"
Ozzano dell'Emilia,19,"31,58%",6,"47,37%","2,68",00:01:16,"0,00%",0,"0,00 €"
Saluggia,19,"31,58%",6,"26,32%","3,16",00:03:08,"0,00%",0,"0,00 €"
Sambuca,19,"36,84%",7,"52,63%","2,42",00:03:10,"0,00%",0,"0,00 €"
Cavriglia,18,"38,89%",7,"50,00%","2,11",00:01:31,"0,00%",0,"0,00 €"
Granarolo dell'Emilia,18,"27,78%",5,"61,11%","2,83",00:05:30,"0,00%",0,"0,00 €"
Minerbio,18,"50,00%",9,"83,33%","1,28",00:00:09,"0,00%",0,"0,00 €"
Milazzo,18,"77,78%",14,"66,67%","2,39",00:01:56,"0,00%",0,"0,00 €"
Bussero,18,"22,22%",4,"72,22%","2,33",00:03:37,"0,00%",0,"0,00 €"
Pastrengo,18,"66,67%",12,"50,00%","4,39",00:07:53,"0,00%",0,"0,00 €"
Rubano,18,"55,56%",10,"61,11%","2,33",00:00:52,"0,00%",0,"0,00 €"
Valmontone,18,"22,22%",4,"33,33%","4,11",00:03:07,"0,00%",0,"0,00 €"
Beinasco,18,"16,67%",3,"44,44%","3,89",00:07:27,"0,00%",0,"0,00 €"
Albizzate,18,"61,11%",11,"38,89%","3,61",00:02:01,"0,00%",0,"0,00 €"
Villaverla,18,"50,00%",9,"55,56%","2,61",00:01:07,"0,00%",0,"0,00 €"
Tarvisio,18,"33,33%",6,"61,11%","3,00",00:02:54,"0,00%",0,"0,00 €"
Acquaviva delle Fonti,18,"55,56%",10,"61,11%","1,67",00:02:12,"0,00%",0,"0,00 €"
Borgo Val di Taro,18,"33,33%",6,"55,56%","2,39",00:00:59,"0,00%",0,"0,00 €"
Massafra,18,"55,56%",10,"66,67%","3,00",00:03:11,"0,00%",0,"0,00 €"
San Giovanni Ilarione,18,"83,33%",15,"66,67%","1,94",00:01:35,"0,00%",0,"0,00 €"
Presezzo,17,"47,06%",8,"47,06%","2,24",00:02:22,"0,00%",0,"0,00 €"
Castenaso,17,"64,71%",11,"58,82%","1,88",00:01:48,"0,00%",0,"0,00 €"
Pezze di Greco,17,"17,65%",3,"47,06%","2,24",00:00:58,"0,00%",0,"0,00 €"
Belpasso,17,"17,65%",3,"52,94%","2,06",00:03:16,"0,00%",0,"0,00 €"
Gravina di Catania,17,"47,06%",8,"70,59%","1,88",00:02:37,"0,00%",0,"0,00 €"
San Ferdinando di Puglia,17,"58,82%",10,"70,59%","1,47",00:00:54,"0,00%",0,"0,00 €"
Rodano,17,"29,41%",5,"41,18%","2,76",00:05:35,"0,00%",0,"0,00 €"
Villaricca,17,"23,53%",4,"64,71%","2,18",00:01:52,"0,00%",0,"0,00 €"
Rosolina,17,"11,76%",2,"47,06%","4,18",00:07:01,"0,00%",0,"0,00 €"
Vinovo,17,"52,94%",9,"64,71%","1,65",00:02:07,"0,00%",0,"0,00 €"
Camerino,17,"76,47%",13,"88,24%","1,41",00:01:36,"0,00%",0,"0,00 €"
Chiampo,17,"58,82%",10,"64,71%","2,76",00:02:16,"0,00%",0,"0,00 €"
Cogliate,17,"70,59%",12,"70,59%","2,29",00:00:49,"0,00%",0,"0,00 €"
Concordia Sulla Secchia,17,"58,82%",10,"58,82%","4,59",00:06:16,"0,00%",0,"0,00 €"
Crespellano,17,"58,82%",10,"64,71%","2,24",00:00:46,"0,00%",0,"0,00 €"
Rutigliano,16,"50,00%",8,"68,75%","2,81",00:01:24,"0,00%",0,"0,00 €"
San Giorgio di Piano,16,"43,75%",7,"62,50%","2,75",00:01:43,"0,00%",0,"0,00 €"
Impruneta,16,"37,50%",6,"43,75%","12,88",00:46:00,"0,00%",0,"0,00 €"
Turbigo,16,"31,25%",5,"37,50%","3,06",00:01:26,"0,00%",0,"0,00 €"
Piano di Sorrento,16,"75,00%",12,"75,00%","2,06",00:00:55,"0,00%",0,"0,00 €"
Borgo Ticino,16,"12,50%",2,"50,00%","3,56",00:08:32,"0,00%",0,"0,00 €"
Gualdo Tadino,16,"43,75%",7,"62,50%","1,94",00:01:17,"0,00%",0,"0,00 €"
Ardea,16,"25,00%",4,"62,50%","1,75",00:01:08,"0,00%",0,"0,00 €"
Torrita di Siena,16,"31,25%",5,"56,25%","2,31",00:00:32,"0,00%",0,"0,00 €"
Augusta,16,"62,50%",10,"93,75%","1,38",00:00:15,"0,00%",0,"0,00 €"
La Loggia,16,"31,25%",5,"43,75%","2,12",00:03:18,"0,00%",0,"0,00 €"
Fiano Romano,16,"25,00%",4,"56,25%","2,12",00:00:47,"0,00%",0,"0,00 €"
Montegranaro,15,"86,67%",13,"60,00%","1,93",00:00:30,"0,00%",0,"0,00 €"
Sant'Elpidio a Mare,15,"46,67%",7,"46,67%","2,67",00:05:54,"0,00%",0,"0,00 €"
Capri,15,"40,00%",6,"66,67%","1,67",00:02:11,"0,00%",0,"0,00 €"
Torvaianica,15,"40,00%",6,"73,33%","2,67",00:01:23,"0,00%",0,"0,00 €"
Martinsicuro,15,"60,00%",9,"53,33%","2,53",00:01:18,"0,00%",0,"0,00 €"
Casier,15,"73,33%",11,"46,67%","5,07",00:01:08,"0,00%",0,"0,00 €"
Agordo,15,"40,00%",6,"40,00%","2,33",00:01:28,"0,00%",0,"0,00 €"
Campo Tures,15,"40,00%",6,"40,00%","2,13",00:03:48,"0,00%",0,"0,00 €"
Giaveno,15,"46,67%",7,"53,33%","1,87",00:01:33,"0,00%",0,"0,00 €"
Isola Vicentina,15,"40,00%",6,"66,67%","1,87",00:01:55,"0,00%",0,"0,00 €"
Terranuova Bracciolini,15,"53,33%",8,"86,67%","1,13",00:01:42,"0,00%",0,"0,00 €"
Ovada,14,"21,43%",3,"50,00%","2,57",00:01:16,"0,00%",0,"0,00 €"
Terlizzi,14,"57,14%",8,"57,14%","1,79",00:02:41,"0,00%",0,"0,00 €"
Castel Maggiore,14,"42,86%",6,"71,43%","1,86",00:00:49,"0,00%",0,"0,00 €"
Maddaloni,14,"50,00%",7,"57,14%","4,29",00:12:32,"0,00%",0,"0,00 €"
Locate Varesino,14,"28,57%",4,"42,86%","2,79",00:03:34,"0,00%",0,"0,00 €"
Arzano,14,"78,57%",11,"78,57%","1,50",00:00:14,"0,00%",0,"0,00 €"
Torreglia,14,"42,86%",6,"57,14%","2,29",00:01:05,"0,00%",0,"0,00 €"
San Giuliano Terme,14,"35,71%",5,"42,86%","2,71",00:01:20,"0,00%",0,"0,00 €"
Pieve A Nievole,14,"0,00%",0,"35,71%","2,57",00:03:11,"0,00%",0,"0,00 €"
Baronissi,14,"71,43%",10,"50,00%","2,50",00:02:16,"0,00%",0,"0,00 €"
Ala,14,"42,86%",6,"21,43%","2,93",00:02:13,"0,00%",0,"0,00 €"
Aviano-castello,14,"64,29%",9,"64,29%","3,21",00:02:40,"0,00%",0,"0,00 €"
Bentivoglio,14,"64,29%",9,"57,14%","1,93",00:01:02,"0,00%",0,"0,00 €"
Marsciano,13,"53,85%",7,"46,15%","6,23",00:05:58,"0,00%",0,"0,00 €"
Cura Carpignano,13,"53,85%",7,"61,54%","3,85",00:02:18,"0,00%",0,"0,00 €"
Casalgrande,13,"23,08%",3,"69,23%","2,62",00:04:22,"0,00%",0,"0,00 €"
Pagani,13,"53,85%",7,"61,54%","3,69",00:01:40,"0,00%",0,"0,00 €"
Cavaria,13,"0,00%",0,"46,15%","2,62",00:02:37,"0,00%",0,"0,00 €"
Trino,13,"30,77%",4,"53,85%","2,77",00:06:01,"0,00%",0,"0,00 €"
Monteviale,13,"15,38%",2,"30,77%","3,08",00:01:48,"0,00%",0,"0,00 €"
Piano,13,"100,00%",13,"76,92%","2,08",00:00:40,"0,00%",0,"0,00 €"
Santa Maria A Vico,13,"76,92%",10,"69,23%","2,31",00:01:03,"0,00%",0,"0,00 €"
Sesto,12,"25,00%",3,"58,33%","2,50",00:00:59,"0,00%",0,"0,00 €"
Capua,12,"58,33%",7,"66,67%","1,75",00:02:41,"0,00%",0,"0,00 €"
Sogliano Al Rubicone,12,"8,33%",1,"75,00%","4,33",00:02:54,"0,00%",0,"0,00 €"
Roveredo In Piano,12,"16,67%",2,"75,00%","1,33",00:00:08,"0,00%",0,"0,00 €"
San Giorgio Ionico,12,"41,67%",5,"66,67%","2,42",00:01:43,"0,00%",0,"0,00 €"
Mezzolombardo,12,"8,33%",1,"41,67%","4,83",00:03:19,"0,00%",0,"0,00 €"
Amelia,12,"33,33%",4,"66,67%","2,17",00:00:37,"0,00%",0,"0,00 €"
Pieve di Soligo,12,"50,00%",6,"75,00%","1,42",00:02:12,"0,00%",0,"0,00 €"
Filottrano,12,"83,33%",10,"75,00%","1,58",00:00:42,"0,00%",0,"0,00 €"
Castello D'argile,11,"27,27%",3,"54,55%","2,91",00:03:22,"0,00%",0,"0,00 €"
Priverno,11,"54,55%",6,"63,64%","1,55",00:02:44,"0,00%",0,"0,00 €"
Gragnano,11,"63,64%",7,"63,64%","2,00",00:01:00,"0,00%",0,"0,00 €"
Santa Giustina In Colle,11,"36,36%",4,"36,36%","2,73",00:02:58,"0,00%",0,"0,00 €"
Melfi,11,"54,55%",6,"90,91%","1,18",00:00:06,"0,00%",0,"0,00 €"
Locri,11,"54,55%",6,"54,55%","2,00",00:00:34,"0,00%",0,"0,00 €"
Angri,11,"63,64%",7,"72,73%","1,27",00:01:23,"0,00%",0,"0,00 €"
Susegana,11,"45,45%",5,"81,82%","1,36",00:00:16,"0,00%",0,"0,00 €"
Basiliano,11,"27,27%",3,"54,55%","2,82",00:00:38,"0,00%",0,"0,00 €"
Martellago,11,"72,73%",8,"63,64%","1,64",00:00:06,"0,00%",0,"0,00 €"
Tarquinia,11,"27,27%",3,"81,82%","1,55",00:00:28,"0,00%",0,"0,00 €"
Camaiore,11,"36,36%",4,"54,55%","2,18",00:01:47,"0,00%",0,"0,00 €"
Matelica,11,"100,00%",11,"45,45%","1,55",00:03:45,"0,00%",0,"0,00 €"
Patti,11,"81,82%",9,"100,00%","1,00",00:00:00,"0,00%",0,"0,00 €"
Trofarello,11,"27,27%",3,"27,27%","3,09",00:01:35,"0,00%",0,"0,00 €"
Vigarano Mainarda,10,"30,00%",3,"60,00%","1,50",00:00:15,"0,00%",0,"0,00 €"
Triuggio,10,"60,00%",6,"50,00%","2,20",00:04:21,"0,00%",0,"0,00 €"
Soliera,10,"50,00%",5,"70,00%","1,50",00:00:27,"0,00%",0,"0,00 €"
Bacoli,10,"70,00%",7,"80,00%","1,90",00:04:37,"0,00%",0,"0,00 €"
Tombolo,10,"50,00%",5,"70,00%","1,60",00:00:13,"0,00%",0,"0,00 €"
Cerveteri,10,"40,00%",4,"30,00%","3,00",00:01:34,"0,00%",0,"0,00 €"
Formello,10,"50,00%",5,"70,00%","2,00",00:01:11,"0,00%",0,"0,00 €"
Savignano Sul Rubicone,10,"80,00%",8,"80,00%","4,90",00:01:54,"0,00%",0,"0,00 €"
Pineto,10,"60,00%",6,"50,00%","1,80",00:00:34,"0,00%",0,"0,00 €"
Povo,10,"60,00%",6,"50,00%","2,10",00:02:33,"0,00%",0,"0,00 €"
Cassola,10,"50,00%",5,"50,00%","2,60",00:01:00,"0,00%",0,"0,00 €"
Porto Empedocle,9,"55,56%",5,"66,67%","2,22",00:01:57,"0,00%",0,"0,00 €"
Polverigi,9,"44,44%",4,"55,56%","2,11",00:02:37,"0,00%",0,"0,00 €"
Laives,9,"55,56%",5,"66,67%","1,89",00:00:40,"0,00%",0,"0,00 €"
San Nicola la Strada,9,"66,67%",6,"44,44%","2,67",00:02:44,"0,00%",0,"0,00 €"
Dogliani,9,"33,33%",3,"44,44%","2,89",00:01:42,"0,00%",0,"0,00 €"
Cormons,9,"0,00%",0,"22,22%","2,00",00:01:59,"0,00%",0,"0,00 €"
Monreale,9,"33,33%",3,"66,67%","1,67",00:01:13,"0,00%",0,"0,00 €"
Scicli,9,"66,67%",6,"77,78%","1,44",00:00:14,"0,00%",0,"0,00 €"
Floridia,9,"33,33%",3,"77,78%","1,22",00:00:09,"0,00%",0,"0,00 €"
Pocenia,9,"44,44%",4,"55,56%","3,11",00:00:50,"0,00%",0,"0,00 €"
Ruvo di Puglia,9,"22,22%",2,"66,67%","1,78",00:00:19,"0,00%",0,"0,00 €"
Solofra,9,"33,33%",3,"88,89%","1,11",00:00:03,"0,00%",0,"0,00 €"
Varcaturo,9,"88,89%",8,"88,89%","1,56",00:00:25,"0,00%",0,"0,00 €"
Minturno,8,"62,50%",5,"62,50%","2,12",00:00:33,"0,00%",0,"0,00 €"
Casavatore,8,"25,00%",2,"87,50%","1,25",00:02:20,"0,00%",0,"0,00 €"
Sarmeola,8,"62,50%",5,"37,50%","2,25",00:00:45,"0,00%",0,"0,00 €"
Torgiano,8,"50,00%",4,"75,00%","1,50",00:00:20,"0,00%",0,"0,00 €"
Ittiri,8,"25,00%",2,"37,50%","3,12",00:00:59,"0,00%",0,"0,00 €"
Camerano,7,"71,43%",5,"71,43%","1,57",00:00:18,"0,00%",0,"0,00 €"
Boves,7,"57,14%",4,"57,14%","1,71",00:01:26,"0,00%",0,"0,00 €"
Podenzano,7,"28,57%",2,"28,57%","3,43",00:05:07,"0,00%",0,"0,00 €"
Castel Bolognese,7,"28,57%",2,"57,14%","3,00",00:01:02,"0,00%",0,"0,00 €"
Villa San Giovanni,7,"57,14%",4,"42,86%","2,86",00:02:36,"0,00%",0,"0,00 €"
Trevignano Romano,7,"14,29%",1,"71,43%","2,43",00:01:23,"0,00%",0,"0,00 €"
Lizzano,7,"42,86%",3,"42,86%","2,86",00:04:34,"0,00%",0,"0,00 €"
Cambiano,7,"42,86%",3,"42,86%","3,29",00:01:27,"0,00%",0,"0,00 €"
Ronciglione,7,"28,57%",2,"28,57%","3,14",00:00:16,"0,00%",0,"0,00 €"
Pedavena,6,"16,67%",1,"66,67%","2,00",00:00:06,"0,00%",0,"0,00 €"
Terlano,6,"50,00%",3,"66,67%","1,33",00:01:20,"0,00%",0,"0,00 €"
Rovellasca,6,"83,33%",5,"83,33%","1,17",00:00:00,"0,00%",0,"0,00 €"
Praia A Mare,6,"50,00%",3,"50,00%","3,50",00:18:47,"0,00%",0,"0,00 €"
Montaione,6,"33,33%",2,"66,67%","1,33",00:00:32,"0,00%",0,"0,00 €"
San Vittore Olona,6,"33,33%",2,"16,67%","2,67",00:01:33,"0,00%",0,"0,00 €"
San Giorgio In Bosco,6,"66,67%",4,"33,33%","5,50",00:05:01,"0,00%",0,"0,00 €"
Buccino,6,"83,33%",5,"83,33%","1,17",00:00:00,"0,00%",0,"0,00 €"
Radicondoli,6,"66,67%",4,"66,67%","2,67",00:01:54,"0,00%",0,"0,00 €"
Porto Cervo,6,"33,33%",2,"66,67%","2,33",00:01:08,"0,00%",0,"0,00 €"
Sorso,6,"16,67%",1,"16,67%","2,67",00:03:32,"0,00%",0,"0,00 €"
Albissola Marina,6,"50,00%",3,"66,67%","2,67",00:01:23,"0,00%",0,"0,00 €"
Tolmezzo,6,"33,33%",2,"66,67%","1,50",00:00:13,"0,00%",0,"0,00 €"
Monticello Conte Otto,6,"50,00%",3,"66,67%","1,83",00:00:38,"0,00%",0,"0,00 €"
Anguillarese-colle Due Pini,6,"83,33%",5,"50,00%","3,00",00:05:10,"0,00%",0,"0,00 €"
Lago Patria,6,"50,00%",3,"50,00%","3,33",00:02:11,"0,00%",0,"0,00 €"
Civitella In Val di Chiana,5,"60,00%",3,"20,00%","3,20",00:00:45,"0,00%",0,"0,00 €"
Ramacca,5,"40,00%",2,"60,00%","2,40",00:00:37,"0,00%",0,"0,00 €"
Modigliana,5,"60,00%",3,"80,00%","1,20",00:00:15,"0,00%",0,"0,00 €"
Querceta,5,"60,00%",3,"40,00%","1,80",00:01:15,"0,00%",0,"0,00 €"
Bomporto,5,"20,00%",1,"20,00%","2,40",00:02:22,"0,00%",0,"0,00 €"
Corciano,5,"80,00%",4,"100,00%","1,00",00:00:00,"0,00%",0,"0,00 €"
Massa Martana,5,"60,00%",3,"80,00%","1,80",00:00:36,"0,00%",0,"0,00 €"
Viano,5,"40,00%",2,"60,00%","4,60",00:18:20,"0,00%",0,"0,00 €"
Mignagola,5,"20,00%",1,"20,00%","5,60",00:12:43,"0,00%",0,"0,00 €"
Castagnaro,5,"80,00%",4,"80,00%","2,40",00:00:27,"0,00%",0,"0,00 €"
Gricignano di Aversa,5,"40,00%",2,"40,00%","6,40",00:05:17,"0,00%",0,"0,00 €"
Randazzo,5,"40,00%",2,"60,00%","9,60",00:03:59,"0,00%",0,"0,00 €"
Numana,4,"0,00%",0,"75,00%","1,25",00:00:00,"0,00%",0,"0,00 €"
Mordano,4,"50,00%",2,"75,00%","1,50",00:00:12,"0,00%",0,"0,00 €"
Castrovillari,4,"75,00%",3,"50,00%","1,75",00:00:12,"0,00%",0,"0,00 €"
Aci Catena,4,"25,00%",1,"25,00%","3,50",00:22:31,"0,00%",0,"0,00 €"
Rosignano Marittimo,4,"50,00%",2,"50,00%","1,75",00:00:27,"0,00%",0,"0,00 €"
Marcallo con Casone,4,"50,00%",2,"75,00%","1,25",00:00:03,"0,00%",0,"0,00 €"
Tribiano,4,"25,00%",1,"75,00%","1,25",00:00:05,"0,00%",0,"0,00 €"
Monteriggioni,4,"50,00%",2,"50,00%","2,00",00:01:19,"0,00%",0,"0,00 €"
Priolo Gargallo,4,"75,00%",3,"75,00%","2,00",00:00:41,"0,00%",0,"0,00 €"
Corropoli,4,"100,00%",4,"100,00%","1,00",00:00:00,"0,00%",0,"0,00 €"
Lanzo Torinese,4,"50,00%",2,"25,00%","3,00",00:02:05,"0,00%",0,"0,00 €"
None,4,"50,00%",2,"75,00%","1,50",00:09:46,"0,00%",0,"0,00 €"
Venegono Superiore,4,"0,00%",0,"75,00%","2,75",00:00:48,"0,00%",0,"0,00 €"
Vitorchiano,4,"100,00%",4,"75,00%","1,25",00:00:01,"0,00%",0,"0,00 €"
Montereale,3,"33,33%",1,"66,67%","1,33",00:00:01,"0,00%",0,"0,00 €"
Bibbiena,3,"100,00%",3,"100,00%","1,00",00:00:00,"0,00%",0,"0,00 €"
Atripalda,3,"66,67%",2,"66,67%","2,00",00:00:24,"0,00%",0,"0,00 €"
Tremestieri Etneo,3,"66,67%",2,"100,00%","1,00",00:00:00,"0,00%",0,"0,00 €"
Vico del Gargano,3,"33,33%",1,"33,33%","2,33",00:00:26,"0,00%",0,"0,00 €"
Vinci,3,"66,67%",2,"66,67%","1,33",00:00:00,"0,00%",0,"0,00 €"
Altofonte,3,"33,33%",1,"33,33%","2,00",00:02:40,"0,00%",0,"0,00 €"
Pianella,3,"0,00%",0,"0,00%","9,33",00:29:38,"0,00%",0,"0,00 €"
Carbonera,3,"66,67%",2,"66,67%","1,33",00:01:42,"0,00%",0,"0,00 €"
San Vito di Leguzzano,3,"33,33%",1,"66,67%","2,67",00:00:53,"0,00%",0,"0,00 €"
Torrebelvicino,3,"33,33%",1,"0,00%","2,33",00:01:25,"0,00%",0,"0,00 €"
Casano,3,"100,00%",3,"66,67%","1,33",00:00:37,"0,00%",0,"0,00 €"
Gaglianico,2,"50,00%",1,"100,00%","1,00",00:00:00,"0,00%",0,"0,00 €"
Monteveglio,2,"50,00%",1,"50,00%","7,50",00:04:54,"0,00%",0,"0,00 €"
Santa Eufemia Lamezia,2,"0,00%",0,"0,00%","12,00",00:25:50,"0,00%",0,"0,00 €"
San Mariano,2,"0,00%",0,"50,00%","3,50",00:02:49,"0,00%",0,"0,00 €"
Cotignola,2,"50,00%",1,"50,00%","1,50",00:00:32,"0,00%",0,"0,00 €"
Pantelleria,2,"0,00%",0,"100,00%","1,00",00:00:00,"0,00%",0,"0,00 €"
Cornuda,2,"0,00%",0,"0,00%","4,00",00:06:57,"0,00%",0,"0,00 €"
Bosconero,2,"100,00%",2,"100,00%","1,00",00:00:00,"0,00%",0,"0,00 €"
Cerreto Sannita,2,"50,00%",1,"100,00%","1,00",00:00:00,"0,00%",0,"0,00 €"
Castelplanio,1,"100,00%",1,"100,00%","1,00",00:00:00,"0,00%",0,"0,00 €"
Villafranca D'asti,1,"0,00%",0,"0,00%","2,00",00:00:05,"0,00%",0,"0,00 €"
Sannicandro di Bari,1,"100,00%",1,"100,00%","1,00",00:00:00,"0,00%",0,"0,00 €"
Pieve di Cadore,1,"100,00%",1,"0,00%","5,00",00:04:17,"0,00%",0,"0,00 €"
Marlengo,1,"100,00%",1,"100,00%","1,00",00:00:00,"0,00%",0,"0,00 €"
Sarroch,1,"0,00%",0,"0,00%","3,00",00:01:41,"0,00%",0,"0,00 €"
Casagiove,1,"0,00%",0,"100,00%","1,00",00:00:00,"0,00%",0,"0,00 €"
Bene Vagienna,1,"0,00%",0,"100,00%","1,00",00:00:00,"0,00%",0,"0,00 €"
Motta Sant'anastasia,1,"100,00%",1,"100,00%","1,00",00:00:00,"0,00%",0,"0,00 €"
Sant'agata Li Battiati,1,"100,00%",1,"100,00%","1,00",00:00:00,"0,00%",0,"0,00 €"
Troina,1,"100,00%",1,"100,00%","1,00",00:00:00,"0,00%",0,"0,00 €"
Ponte Felcino,1,"100,00%",1,"100,00%","1,00",00:00:00,"0,00%",0,"0,00 €"
Calcinaia,1,"100,00%",1,"0,00%","4,00",00:01:48,"0,00%",0,"0,00 €"
San Marcello Pistoiese,1,"100,00%",1,"0,00%","2,00",00:00:01,"0,00%",0,"0,00 €"
Ravello,1,"100,00%",1,"100,00%","1,00",00:00:00,"0,00%",0,"0,00 €"
Roccapiemonte,1,"100,00%",1,"100,00%","1,00",00:00:00,"0,00%",0,"0,00 €"
San Valentino Torio,1,"100,00%",1,"100,00%","1,00",00:00:00,"0,00%",0,"0,00 €"
San Giusto Canavese,1,"0,00%",0,"100,00%","1,00",00:00:00,"0,00%",0,"0,00 €"
Crocetta del Montello,1,"0,00%",0,"0,00%","2,00",00:00:18,"0,00%",0,"0,00 €"
Cinto Caomaggiore,1,"100,00%",1,"100,00%","1,00",00:00:00,"0,00%",0,"0,00 €"
,1.994.783,"27,17%",541.954,"45,02%","3,56",00:04:55,"0,00%",0,"0,00 €"

